,0,4,neighborhood,code
0,2016,50,Garfield Ridge,56
1,2016,30,Washington Park,40
2,2016,62,Garfield Park,27
3,2016,29,Avondale,21
4,2016,50,Albany Park,14
5,2016,33,Austin,25
6,2016,61,Humboldt Park,23
7,2016,69,Avalon Park,45
8,2016,41,New City,61
9,2016,58,Bucktown,22
10,2016,68,Washington Heights,73
11,2016,88,Irving Park,16
12,2016,52,West Pullman,53
13,2016,50,Washington Park,40
14,2016,86,Belmont Cragin,19
15,2016,51,Ashburn,70
16,2016,58,Auburn Gresham,71
17,2016,27,Washington Heights,73
18,2016,73,North Park,13
19,2016,70,Rogers Park,1
20,2016,62,West Loop,32
21,2016,75,Loop,32
22,2016,52,Humboldt Park,23
23,2016,31,North Lawndale,29
24,2016,75,United Center,28
25,2016,62,North Lawndale,29
26,2016,26,Roseland,49
27,2016,35,North Lawndale,29
28,2016,45,Garfield Park,27
29,2016,25,"Little Italy, UIC",28
30,2016,65,North Lawndale,29
31,2016,45,Mckinley Park,59
32,2016,80,West Town,24
33,2016,66,Grand Crossing,69
34,2016,65,West Town,24
35,2016,63,Hermosa,20
36,2016,57,West Town,24
37,2016,45,Humboldt Park,23
38,2016,83,"Little Italy, UIC",28
39,2016,55,North Lawndale,29
40,2016,46,North Lawndale,29
41,2016,46,Andersonville,77
42,2016,72,Auburn Gresham,71
43,2016,55,Auburn Gresham,71
44,2016,36,Near South Side,33
45,2016,50,Douglas,35
46,2016,44,Austin,25
47,2016,76,Humboldt Park,23
48,2016,37,West Town,24
49,2016,42,Englewood,68
50,2016,72,Grand Crossing,69
51,2016,42,Oakland,36
52,2016,57,Kenwood,39
53,2016,60,Woodlawn,42
54,2016,55,Grand Boulevard,38
55,2016,52,Archer Heights,57
56,2016,30,Archer Heights,57
57,2016,75,Lower West Side,31
58,2016,47,Avondale,21
59,2016,41,Little Village,30
60,2016,62,Gage Park,63
61,2016,38,Archer Heights,57
62,2016,27,Englewood,68
63,2016,46,Douglas,35
64,2016,45,Brighton Park,58
65,2016,50,"Little Italy, UIC",28
66,2016,88,Riverdale,54
67,2016,52,South Chicago,46
68,2016,65,West Town,24
69,2016,77,United Center,28
70,2016,85,Loop,32
71,2016,62,Brighton Park,58
72,2016,42,"Little Italy, UIC",28
73,2016,35,Lower West Side,31
74,2016,54,Douglas,35
75,2016,72,Englewood,68
76,2016,55,South Chicago,46
77,2016,75,Washington Heights,73
78,2016,25,Auburn Gresham,71
79,2016,50,Gage Park,63
80,2016,59,River North,8
81,2016,87,Ukrainian Village,24
82,2016,37,Chicago Lawn,66
83,2016,58,Englewood,68
84,2016,66,Auburn Gresham,71
85,2016,60,North Lawndale,29
86,2016,60,Garfield Park,27
87,2016,30,Belmont Cragin,19
88,2016,27,West Ridge,2
89,2016,35,Austin,25
90,2016,31,Douglas,35
91,2016,50,Avondale,21
92,2016,67,Humboldt Park,23
93,2016,53,Austin,25
94,2016,47,North Lawndale,29
95,2016,53,Grand Crossing,69
96,2016,60,Auburn Gresham,71
97,2016,82,Humboldt Park,23
98,2016,45,Loop,32
99,2016,97,Lower West Side,31
100,2016,31,Little Village,30
101,2016,57,Pullman,50
102,2016,50,Kenwood,39
103,2016,68,Avalon Park,45
104,2016,35,Uptown,3
105,2016,43,United Center,28
106,2016,42,Humboldt Park,23
107,2016,32,Douglas,35
108,2016,55,Austin,25
109,2016,50,Morgan Park,75
110,2016,36,Lower West Side,31
111,2016,35,Gage Park,63
112,2016,75,Chatham,44
113,2016,47,Garfield Park,27
114,2016,58,Brighton Park,58
115,2016,88,Pullman,50
116,2016,75,South Chicago,46
117,2016,61,Belmont Cragin,19
118,2016,45,West Pullman,53
119,2016,82,Irving Park,16
120,2016,70,Englewood,68
121,2016,62,Lower West Side,31
122,2016,47,Garfield Park,27
123,2016,52,Gage Park,63
124,2016,89,South Chicago,46
125,2016,89,Belmont Cragin,19
126,2016,75,River North,8
127,2016,65,Morgan Park,75
128,2016,55,Brighton Park,58
129,2016,33,South Shore,43
130,2016,50,Chicago Lawn,66
131,2016,50,Avalon Park,45
132,2016,50,Douglas,35
133,2016,78,Printers Row,32
134,2016,65,Belmont Cragin,19
135,2016,95,River North,8
136,2016,25,New City,61
137,2016,65,Humboldt Park,23
138,2016,45,Chatham,44
139,2016,82,Humboldt Park,23
140,2016,63,West Elsdon,62
141,2016,51,Lincoln Square,4
142,2016,52,Ashburn,70
143,2016,51,Little Village,30
144,2016,50,Roseland,49
145,2016,25,Englewood,68
146,2016,55,Portage Park,15
147,2016,27,Gage Park,63
148,2016,52,Roseland,49
149,2016,32,Englewood,68
150,2016,22,Grand Crossing,69
151,2016,52,Woodlawn,42
152,2016,50,Brighton Park,58
153,2016,50,Hermosa,20
154,2016,50,Garfield Ridge,56
155,2016,55,Lake View,6
156,2016,75,North Center,5
157,2016,27,Garfield Park,27
158,2016,65,Garfield Park,27
159,2016,62,West Ridge,2
160,2016,32,Morgan Park,75
161,2016,67,Roseland,49
162,2016,47,Douglas,35
163,2016,44,Albany Park,14
164,2016,45,Irving Park,16
165,2016,61,Edgewater,77
166,2016,55,Belmont Cragin,19
167,2016,57,Rogers Park,1
168,2016,62,Norwood Park,10
169,2016,35,New City,61
170,2016,67,North Park,13
171,2016,67,Lincoln Park,7
172,2016,42,East Side,52
173,2016,65,East Village,24
174,2016,57,West Lawn,65
175,2016,93,North Park,13
176,2016,90,Englewood,68
177,2016,69,Kenwood,39
178,2016,25,Little Village,30
179,2016,88,North Park,13
180,2016,69,"Little Italy, UIC",28
181,2016,50,Kenwood,39
182,2016,67,Mount Greenwood,74
183,2016,52,Douglas,35
184,2016,87,West Loop,32
185,2016,62,Archer Heights,57
186,2016,42,Ukrainian Village,24
187,2016,57,Riverdale,54
188,2016,30,Pullman,50
189,2016,52,Washington Heights,73
190,2016,44,Lower West Side,31
191,2016,70,Portage Park,15
192,2016,44,Englewood,68
193,2016,81,Near South Side,33
194,2016,64,East Side,52
195,2016,69,Lake View,6
196,2016,61,Lincoln Park,7
197,2016,53,Bridgeport,60
198,2016,75,West Ridge,2
199,2016,80,Logan Square,22
200,2016,77,North Center,5
201,2016,18,"Little Italy, UIC",28
202,2016,65,Avalon Park,45
203,2016,63,Beverly,72
204,2016,63,Hermosa,20
205,2016,42,Auburn Gresham,71
206,2016,55,Englewood,68
207,2016,60,Irving Park,16
208,2016,32,Englewood,68
209,2016,80,Albany Park,14
210,2016,72,Austin,25
211,2016,82,Jefferson Park,11
212,2016,82,Garfield Park,27
213,2016,62,Irving Park,16
214,2016,67,North Center,5
215,2016,50,Roseland,49
216,2016,91,Lake View,6
217,2016,80,West Ridge,2
218,2016,63,Auburn Gresham,71
219,2016,36,South Shore,43
220,2016,47,Ashburn,70
221,2016,67,Roseland,49
222,2016,73,Logan Square,22
223,2016,71,Dunning,17
224,2016,65,South Deering,51
225,2016,53,United Center,28
226,2016,41,Grand Crossing,69
227,2016,80,South Shore,43
228,2016,59,Lincoln Square,4
229,2016,78,Belmont Cragin,19
230,2016,28,Washington Park,40
231,2016,84,Lake View,6
232,2016,63,South Deering,51
233,2016,34,Little Village,30
234,2016,63,Chatham,44
235,2016,77,Wicker Park,24
236,2016,71,Brighton Park,58
237,2016,55,Austin,25
238,2016,67,Garfield Ridge,56
239,2016,71,Avalon Park,45
240,2016,53,Little Village,30
241,2016,61,Humboldt Park,23
242,2016,70,Dunning,17
243,2016,53,Woodlawn,42
244,2016,59,Ashburn,70
245,2016,48,Gage Park,63
246,2016,71,Washington Park,40
247,2016,44,Riverdale,54
248,2016,15,Riverdale,54
249,2016,94,Mount Greenwood,74
250,2016,65,Lake View,6
251,2016,57,North Lawndale,29
252,2016,72,Lincoln Square,4
253,2016,69,Logan Square,22
254,2016,55,Ukrainian Village,24
255,2016,48,Gage Park,63
256,2016,60,Hegewisch,55
257,2016,63,Irving Park,16
258,2016,82,West Ridge,2
259,2016,63,Morgan Park,75
260,2016,55,South Chicago,46
261,2016,84,Ukrainian Village,24
262,2016,47,Auburn Gresham,71
263,2016,32,Rogers Park,1
264,2016,84,North Center,5
265,2016,50,Lower West Side,31
266,2016,57,Englewood,68
267,2016,57,Little Village,30
268,2016,90,Morgan Park,75
269,2016,76,Lower West Side,31
270,2016,46,North Lawndale,29
271,2016,71,O'Hare,76
272,2016,82,Logan Square,22
273,2016,48,Brighton Park,58
274,2016,90,Ashburn,70
275,2016,60,West Ridge,2
276,2016,67,Grand Crossing,69
277,2016,77,Dunning,17
278,2016,80,New City,61
279,2016,67,Chatham,44
280,2016,57,Douglas,35
281,2016,67,Clearing,64
282,2016,40,Douglas,35
283,2016,46,Roseland,49
284,2016,75,Bucktown,22
285,2016,36,Englewood,68
286,2016,65,Chicago Lawn,66
287,2016,84,Edison Park,9
288,2016,63,Roseland,49
289,2016,70,"Sauganash,Forest Glen",12
290,2016,33,West Pullman,53
291,2016,71,Archer Heights,57
292,2016,92,Austin,25
293,2016,54,Garfield Park,27
294,2016,65,Morgan Park,75
295,2016,67,Mckinley Park,59
296,2016,71,Belmont Cragin,19
297,2016,76,Jefferson Park,11
298,2016,88,Washington Heights,73
299,2016,55,Rogers Park,1
300,2016,61,Woodlawn,42
301,2016,67,Little Village,30
302,2016,75,Little Village,30
303,2016,80,Belmont Cragin,19
304,2016,53,Washington Heights,73
305,2016,53,Garfield Park,27
306,2016,65,Old Town,8
307,2016,76,Auburn Gresham,71
308,2016,25,Grand Boulevard,38
309,2016,34,New City,61
310,2016,48,Logan Square,22
311,2016,63,Rogers Park,1
312,2016,51,East Side,52
313,2016,86,Norwood Park,10
314,2016,48,Little Village,30
315,2016,61,Roseland,49
316,2016,50,Englewood,68
317,2016,76,Logan Square,22
318,2016,48,West Pullman,53
319,2016,46,Hegewisch,55
320,2016,62,Uptown,3
321,2016,57,New City,61
322,2016,65,Portage Park,15
323,2016,58,Little Village,30
324,2016,73,Kenwood,39
325,2016,75,Mckinley Park,59
326,2016,48,Garfield Park,27
327,2016,55,Auburn Gresham,71
328,2016,69,Clearing,64
329,2016,67,Brighton Park,58
330,2016,34,Chinatown,32
331,2016,73,Clearing,64
332,2016,63,South Chicago,46
333,2016,92,Lake View,6
334,2016,42,New City,61
335,2016,69,Little Village,30
336,2016,46,Lower West Side,31
337,2016,57,Hermosa,20
338,2016,63,Hyde Park,41
339,2016,59,Grand Crossing,69
340,2016,50,Albany Park,14
341,2016,67,Little Village,30
342,2016,71,Lake View,6
343,2016,59,Austin,25
344,2016,57,Edgewater,77
345,2016,63,Woodlawn,42
346,2016,44,Pullman,50
347,2016,71,Bridgeport,60
348,2016,53,Garfield Ridge,56
349,2016,48,New City,61
350,2016,82,Garfield Park,27
351,2016,40,Englewood,68
352,2016,55,Fuller Park,37
353,2016,59,Irving Park,16
354,2016,55,Near South Side,33
355,2016,51,North Lawndale,29
356,2016,55,New City,61
357,2016,42,Albany Park,14
358,2016,73,Norwood Park,10
359,2016,71,Bridgeport,60
360,2016,57,Englewood,68
361,2016,38,Austin,25
362,2016,85,Calumet Heights,48
363,2016,63,Auburn Gresham,71
364,2016,61,Roseland,49
365,2016,67,North Lawndale,29
366,2016,57,West Lawn,65
367,2016,51,"Little Italy, UIC",28
368,2016,69,North Center,5
369,2016,76,West Ridge,2
370,2016,40,River North,8
371,2016,51,Lower West Side,31
372,2016,69,Lower West Side,31
373,2016,69,Beverly,72
374,2016,50,Little Village,30
375,2016,85,Englewood,68
376,2016,75,Humboldt Park,23
377,2016,32,Rogers Park,1
378,2016,70,Little Village,30
379,2016,67,Garfield Ridge,56
380,2016,46,Washington Heights,73
381,2016,82,West Town,24
382,2016,55,Hyde Park,41
383,2016,78,Washington Heights,73
384,2016,87,Old Town,8
385,2016,17,North Lawndale,29
386,2016,48,Austin,25
387,2016,37,New City,61
388,2016,78,Lincoln Park,7
389,2016,76,Avondale,21
390,2016,57,Belmont Cragin,19
391,2016,63,Montclare,18
392,2016,60,Galewood,25
393,2016,78,Humboldt Park,23
394,2016,61,Belmont Cragin,19
395,2016,48,South Shore,43
396,2016,63,Old Town,8
397,2016,25,Belmont Cragin,19
398,2016,34,South Chicago,46
399,2016,71,Chicago Lawn,66
400,2016,45,South Deering,51
401,2016,39,Garfield Park,27
402,2016,61,North Lawndale,29
403,2016,38,Chicago Lawn,66
404,2016,85,Sheffield & DePaul,7
405,2016,64,"Little Italy, UIC",28
406,2016,76,Bridgeport,60
407,2016,57,Little Village,30
408,2016,34,Woodlawn,42
409,2016,76,Chatham,44
410,2016,53,Chicago Lawn,66
411,2016,61,Belmont Cragin,19
412,2016,55,Lincoln Square,4
413,2016,95,West Town,24
414,2016,50,Logan Square,22
415,2016,76,Humboldt Park,23
416,2016,71,Chicago Lawn,66
417,2016,63,Lake View,6
418,2016,71,Bridgeport,60
419,2016,88,Mount Greenwood,74
420,2016,93,Norwood Park,10
421,2016,76,Mount Greenwood,74
422,2016,59,Washington Heights,73
423,2016,93,Clearing,64
424,2016,53,Logan Square,22
425,2016,67,Irving Park,16
426,2016,67,Hyde Park,41
427,2016,75,West Pullman,53
428,2016,70,Austin,25
429,2016,25,Chatham,44
430,2016,69,Boystown,6
431,2016,57,Old Town,8
432,2016,71,Gage Park,63
433,2016,65,Hermosa,20
434,2016,65,Humboldt Park,23
435,2016,69,Norwood Park,10
436,2016,53,Humboldt Park,23
437,2016,53,Rush & Division,8
438,2016,26,Auburn Gresham,71
439,2016,61,South Shore,43
440,2016,76,Norwood Park,10
441,2016,72,Norwood Park,10
442,2016,46,Humboldt Park,23
443,2016,65,West Town,24
444,2016,53,Englewood,68
445,2016,76,Ashburn,70
446,2016,31,Douglas,35
447,2016,63,Albany Park,14
448,2016,50,Englewood,68
449,2016,67,Grand Crossing,69
450,2016,60,South Shore,43
451,2016,59,West Elsdon,62
452,2016,61,West Elsdon,62
453,2016,57,"Little Italy, UIC",28
454,2016,72,Andersonville,77
455,2016,59,North Lawndale,29
456,2016,50,Burnside,47
457,2016,80,Lower West Side,31
458,2016,53,Douglas,35
459,2016,59,North Park,13
460,2016,68,Washington Heights,73
461,2016,61,Lower West Side,31
462,2016,57,Chatham,44
463,2016,59,North Lawndale,29
464,2016,78,Pullman,50
465,2016,75,Humboldt Park,23
466,2016,46,Portage Park,15
467,2016,84,Lincoln Park,7
468,2016,46,Portage Park,15
469,2016,67,Bucktown,22
470,2016,57,Pullman,50
471,2016,76,Lake View,6
472,2016,53,Hyde Park,41
473,2016,53,Kenwood,39
474,2016,57,Avondale,21
475,2016,67,Portage Park,15
476,2016,32,Grand Crossing,69
477,2016,80,West Ridge,2
478,2016,69,New City,61
479,2016,65,Grand Crossing,69
480,2016,75,Auburn Gresham,71
481,2016,90,"Sauganash,Forest Glen",12
482,2016,46,Gage Park,63
483,2016,26,Galewood,25
484,2016,69,Irving Park,16
485,2016,96,Edison Park,9
486,2016,72,Belmont Cragin,19
487,2016,53,New City,61
488,2016,75,Brighton Park,58
489,2016,50,South Chicago,46
490,2016,70,New City,61
491,2016,82,Englewood,68
492,2016,70,Brighton Park,58
493,2016,73,Kenwood,39
494,2016,46,Morgan Park,75
495,2016,76,West Loop,32
496,2016,47,Pullman,50
497,2016,65,Portage Park,15
498,2016,37,"Little Italy, UIC",28
499,2016,72,North Park,13
500,2016,32,Austin,25
501,2016,53,Little Village,30
502,2016,75,Ashburn,70
503,2016,69,Roseland,49
504,2016,72,West Ridge,2
505,2016,53,Humboldt Park,23
506,2016,53,South Chicago,46
507,2016,73,Garfield Park,27
508,2016,38,Beverly,72
509,2016,57,Edgewater,77
510,2016,65,West Town,24
511,2016,30,East Side,52
512,2016,67,West Pullman,53
513,2016,40,South Chicago,46
514,2016,65,Dunning,17
515,2016,63,Garfield Park,27
516,2016,60,Gage Park,63
517,2016,78,Garfield Ridge,56
518,2016,69,Beverly,72
519,2016,69,Roseland,49
520,2016,50,Albany Park,14
521,2016,76,Albany Park,14
522,2016,73,Woodlawn,42
523,2016,71,Little Village,30
524,2016,48,Lower West Side,31
525,2016,65,Armour Square,34
526,2016,67,Calumet Heights,48
527,2016,65,East Side,52
528,2016,65,Lincoln Square,4
529,2016,77,Garfield Park,27
530,2016,62,Englewood,68
531,2016,82,West Pullman,53
532,2016,52,Gage Park,63
533,2016,40,Little Village,30
534,2016,40,Lower West Side,31
535,2016,55,Wicker Park,24
536,2016,73,"Sauganash,Forest Glen",12
537,2016,65,Near South Side,33
538,2016,59,Logan Square,22
539,2016,50,Austin,25
540,2016,46,Grand Boulevard,38
541,2016,59,Englewood,68
542,2016,44,New City,61
543,2016,71,Uptown,3
544,2016,47,Austin,25
545,2016,44,Austin,25
546,2016,57,Washington Park,40
547,2016,55,Dunning,17
548,2016,80,Gage Park,63
549,2016,59,River North,8
550,2016,57,Garfield Park,27
551,2016,48,United Center,28
552,2016,51,North Lawndale,29
553,2016,50,Oakland,36
554,2016,51,Humboldt Park,23
555,2016,22,Grand Crossing,69
556,2016,36,Chatham,44
557,2016,84,Uptown,3
558,2016,75,Garfield Park,27
559,2016,55,North Lawndale,29
560,2016,30,Grand Boulevard,38
561,2016,63,Grand Crossing,69
562,2016,68,South Shore,43
563,2016,69,Austin,25
564,2016,52,Rogers Park,1
565,2016,71,Ashburn,70
566,2016,53,Englewood,68
567,2016,67,West Lawn,65
568,2016,50,Garfield Park,27
569,2016,50,West Pullman,53
570,2016,57,Chatham,44
571,2016,50,Englewood,68
572,2016,48,Chatham,44
573,2016,69,United Center,28
574,2016,25,Austin,25
575,2016,93,United Center,28
576,2016,82,Calumet Heights,48
577,2016,26,Wicker Park,24
578,2016,60,West Pullman,53
579,2016,75,Calumet Heights,48
580,2016,42,Brighton Park,58
581,2016,84,Mckinley Park,59
582,2016,53,Irving Park,16
583,2016,59,South Chicago,46
584,2016,50,Avondale,21
585,2016,36,Lower West Side,31
586,2016,38,Garfield Park,27
587,2016,38,Englewood,68
588,2016,48,Dunning,17
589,2016,63,Wicker Park,24
590,2016,48,Grand Boulevard,38
591,2016,61,Chicago Lawn,66
592,2016,48,Calumet Heights,48
593,2016,69,Ashburn,70
594,2016,73,Brighton Park,58
595,2016,42,Albany Park,14
596,2016,50,Uptown,3
597,2016,59,Little Village,30
598,2016,76,Washington Heights,73
599,2016,53,Uptown,3
600,2016,61,Riverdale,54
601,2016,73,Washington Heights,73
602,2016,65,Austin,25
603,2016,32,Roseland,49
604,2016,36,Auburn Gresham,71
605,2016,50,Grand Boulevard,38
606,2016,46,Grand Boulevard,38
607,2016,51,Little Village,30
608,2016,73,Little Village,30
609,2016,60,Little Village,30
610,2016,72,New City,61
611,2016,42,Humboldt Park,23
612,2016,62,Edgewater,77
613,2016,78,Englewood,68
614,2016,65,Little Village,30
615,2016,50,Uptown,3
616,2016,51,Chicago Lawn,66
617,2016,86,North Center,5
618,2016,50,United Center,28
619,2016,32,North Lawndale,29
620,2016,59,North Lawndale,29
621,2016,75,Mckinley Park,59
622,2016,22,Englewood,68
623,2016,59,Armour Square,34
624,2016,77,Irving Park,16
625,2016,26,Austin,25
626,2016,65,East Village,24
627,2016,81,Englewood,68
628,2016,76,Norwood Park,10
629,2016,61,North Center,5
630,2016,55,West Town,24
631,2016,51,South Shore,43
632,2016,67,Gage Park,63
633,2016,55,Belmont Cragin,19
634,2016,86,River North,8
635,2016,50,Belmont Cragin,19
636,2016,59,Avondale,21
637,2016,73,West Ridge,2
638,2016,63,Gage Park,63
639,2016,51,West Lawn,65
640,2016,52,South Shore,43
641,2016,65,"Little Italy, UIC",28
642,2016,36,Austin,25
643,2016,58,Ashburn,70
644,2016,44,Ashburn,70
645,2016,51,Brighton Park,58
646,2016,70,United Center,28
647,2016,75,New City,61
648,2016,65,Irving Park,16
649,2016,16,Englewood,68
650,2016,37,North Lawndale,29
651,2016,37,Morgan Park,75
652,2016,43,Avondale,21
653,2016,40,Edison Park,9
654,2016,40,Chicago Lawn,66
655,2016,36,"Little Italy, UIC",28
656,2016,50,South Shore,43
657,2016,25,South Shore,43
658,2016,50,Ukrainian Village,24
659,2016,40,Englewood,68
660,2017,27,Douglas,35
661,2017,86,Logan Square,22
662,2017,33,Riverdale,54
663,2017,65,United Center,28
664,2017,37,Douglas,35
665,2017,50,Loop,32
666,2017,44,Rogers Park,1
667,2017,75,New City,61
668,2017,63,Englewood,68
669,2017,55,Garfield Park,27
670,2017,66,United Center,28
671,2017,47,Chatham,44
672,2017,70,Hyde Park,41
673,2017,75,West Elsdon,62
674,2017,57,Wicker Park,24
675,2017,50,Ashburn,70
676,2017,78,Chicago Lawn,66
677,2017,70,Lake View,6
678,2017,61,Hermosa,20
679,2017,53,South Shore,43
680,2017,60,North Lawndale,29
681,2017,62,Archer Heights,57
682,2017,63,Mckinley Park,59
683,2017,68,Austin,25
684,2017,42,Irving Park,16
685,2017,88,North Center,5
686,2017,30,Englewood,68
687,2017,70,Little Village,30
688,2017,53,Dunning,17
689,2017,82,Belmont Cragin,19
690,2017,78,Kenwood,39
691,2017,63,Englewood,68
692,2017,50,Kenwood,39
693,2017,63,Englewood,68
694,2017,57,Logan Square,22
695,2017,71,Albany Park,14
696,2017,51,Little Village,30
697,2017,71,Woodlawn,42
698,2017,67,Rogers Park,1
699,2017,34,Douglas,35
700,2017,72,Irving Park,16
701,2017,80,Irving Park,16
702,2017,59,Brighton Park,58
703,2017,30,Gage Park,63
704,2017,90,Mount Greenwood,74
705,2017,35,Englewood,68
706,2017,57,Garfield Ridge,56
707,2017,80,"Little Italy, UIC",28
708,2017,75,Garfield Ridge,56
709,2017,0,Austin,25
710,2017,67,Dunning,17
711,2017,80,Wicker Park,24
712,2017,40,New City,61
713,2017,72,Garfield Park,27
714,2017,78,River North,8
715,2017,46,Chicago Lawn,66
716,2017,40,Lower West Side,31
717,2017,77,Grand Crossing,69
718,2017,51,Douglas,35
719,2017,25,Chicago Lawn,66
720,2017,53,Grand Crossing,69
721,2017,59,Albany Park,14
722,2017,53,New City,61
723,2017,70,Rogers Park,1
724,2017,60,Roseland,49
725,2017,53,Pullman,50
726,2017,63,Uptown,3
727,2017,71,New City,61
728,2017,90,"Little Italy, UIC",28
729,2017,62,Auburn Gresham,71
730,2017,36,North Lawndale,29
731,2017,70,Hyde Park,41
732,2017,75,Washington Heights,73
733,2017,50,Washington Park,40
734,2017,65,Garfield Ridge,56
735,2017,90,Mckinley Park,59
736,2017,73,Austin,25
737,2017,60,"Little Italy, UIC",28
738,2017,64,Woodlawn,42
739,2017,69,West Town,24
740,2017,59,New City,61
741,2017,80,Garfield Park,27
742,2017,55,Garfield Park,27
743,2017,78,North Lawndale,29
744,2017,65,Irving Park,16
745,2017,54,Washington Heights,73
746,2017,56,Austin,25
747,2017,70,Lincoln Square,4
748,2017,69,Gage Park,63
749,2017,64,South Chicago,46
750,2017,56,Austin,25
751,2017,90,Logan Square,22
752,2017,88,Lake View,6
753,2017,60,East Village,24
754,2017,53,New City,61
755,2017,70,New City,61
756,2017,62,North Lawndale,29
757,2017,90,Lower West Side,31
758,2017,26,Little Village,30
759,2017,40,Brighton Park,58
760,2017,87,"Sauganash,Forest Glen",12
761,2017,46,New City,61
762,2017,55,Garfield Park,27
763,2017,65,West Pullman,53
764,2017,55,South Shore,43
765,2017,82,"Sauganash,Forest Glen",12
766,2017,75,West Ridge,2
767,2017,53,Andersonville,77
768,2017,69,Grand Boulevard,38
769,2017,66,West Pullman,53
770,2017,73,West Pullman,53
771,2017,63,Avalon Park,45
772,2017,30,Roseland,49
773,2017,67,New City,61
774,2017,62,Gage Park,63
775,2017,52,Gage Park,63
776,2017,36,Edison Park,9
777,2017,76,Sheffield & DePaul,7
778,2017,65,Old Town,8
779,2017,63,Chicago Lawn,66
780,2017,86,Riverdale,54
781,2017,47,Pullman,50
782,2017,48,New City,61
783,2017,80,West Ridge,2
784,2017,73,Calumet Heights,48
785,2017,42,West Pullman,53
786,2017,48,Ashburn,70
787,2017,55,Grand Crossing,69
788,2017,45,Auburn Gresham,71
789,2017,87,United Center,28
790,2017,65,Englewood,68
791,2017,84,South Chicago,46
792,2017,63,Roseland,49
793,2017,50,Uptown,3
794,2017,72,Englewood,68
795,2017,65,Uptown,3
796,2017,62,Belmont Cragin,19
797,2017,100,Norwood Park,10
798,2017,48,Lower West Side,31
799,2017,80,North Park,13
800,2017,82,Lincoln Park,7
801,2017,55,South Shore,43
802,2017,57,Mckinley Park,59
803,2017,43,North Lawndale,29
804,2017,55,Archer Heights,57
805,2017,87,Edison Park,9
806,2017,71,Roseland,49
807,2017,63,Woodlawn,42
808,2017,72,Little Village,30
809,2017,62,Burnside,47
810,2017,87,Printers Row,32
811,2017,81,Morgan Park,75
812,2017,57,Brighton Park,58
813,2017,27,New City,61
814,2017,88,North Park,13
815,2017,50,Lower West Side,31
816,2017,46,Lake View,6
817,2017,80,Gage Park,63
818,2017,60,Grand Crossing,69
819,2017,48,Albany Park,14
820,2017,75,Kenwood,39
821,2017,22,"Little Italy, UIC",28
822,2017,55,Portage Park,15
823,2017,84,Austin,25
824,2017,64,Gage Park,63
825,2017,55,Bucktown,22
826,2017,72,Little Village,30
827,2017,63,Roseland,49
828,2017,61,Garfield Park,27
829,2017,65,North Lawndale,29
830,2017,70,Clearing,64
831,2017,34,Little Village,30
832,2017,48,"Little Italy, UIC",28
833,2017,87,Loop,32
834,2017,80,River North,8
835,2017,61,South Deering,51
836,2017,69,Morgan Park,75
837,2017,47,Beverly,72
838,2017,92,West Loop,32
839,2017,67,Bucktown,22
840,2017,71,Brighton Park,58
841,2017,76,Jefferson Park,11
842,2017,50,Pullman,50
843,2017,67,Kenwood,39
844,2017,83,"Little Italy, UIC",28
845,2017,80,Lake View,6
846,2017,80,West Loop,32
847,2017,50,Gage Park,63
848,2017,50,Douglas,35
849,2017,78,Garfield Park,27
850,2017,90,West Ridge,2
851,2017,34,Roseland,49
852,2017,72,East Side,52
853,2017,50,Douglas,35
854,2017,55,Uptown,3
855,2017,30,Garfield Park,27
856,2017,70,Englewood,68
857,2017,59,Morgan Park,75
858,2017,51,Douglas,35
859,2017,63,West Town,24
860,2017,70,Little Village,30
861,2017,15,North Lawndale,29
862,2017,61,Austin,25
863,2017,65,Auburn Gresham,71
864,2017,70,Humboldt Park,23
865,2017,75,River North,8
866,2017,78,Austin,25
867,2017,75,Irving Park,16
868,2017,62,Edgewater,77
869,2017,67,Little Village,30
870,2017,78,Garfield Park,27
871,2017,80,Dunning,17
872,2017,57,Pullman,50
873,2017,65,Wicker Park,24
874,2017,85,Calumet Heights,48
875,2017,73,Washington Heights,73
876,2017,76,Chatham,44
877,2017,80,Lake View,6
878,2017,70,Avalon Park,45
879,2017,40,Englewood,68
880,2017,67,Chatham,44
881,2017,45,Grand Boulevard,38
882,2017,67,Austin,25
883,2017,80,United Center,28
884,2017,35,Little Village,30
885,2017,57,Humboldt Park,23
886,2017,80,New City,61
887,2017,50,Humboldt Park,23
888,2017,61,Woodlawn,42
889,2017,51,Pullman,50
890,2017,75,West Town,24
891,2017,35,Humboldt Park,23
892,2017,65,Norwood Park,10
893,2017,46,River North,8
894,2017,39,Humboldt Park,23
895,2017,63,Garfield Park,27
896,2017,70,Norwood Park,10
897,2017,65,Washington Heights,73
898,2017,60,North Center,5
899,2017,44,Auburn Gresham,71
900,2017,51,Chicago Lawn,66
901,2017,62,South Chicago,46
902,2017,60,Englewood,68
903,2017,87,North Park,13
904,2017,55,South Chicago,46
905,2017,50,Lower West Side,31
906,2017,79,Portage Park,15
907,2017,82,Avalon Park,45
908,2017,47,Dunning,17
909,2017,59,Hermosa,20
910,2017,53,Chatham,44
911,2017,52,Edgewater,77
912,2017,82,Bridgeport,60
913,2017,55,Irving Park,16
914,2017,65,Little Village,30
915,2017,37,Chatham,44
916,2017,70,Humboldt Park,23
917,2017,42,North Lawndale,29
918,2017,61,Belmont Cragin,19
919,2017,48,South Chicago,46
920,2017,50,Humboldt Park,23
921,2017,30,Gage Park,63
922,2017,35,Belmont Cragin,19
923,2017,58,Garfield Park,27
924,2017,52,Hermosa,20
925,2017,50,Morgan Park,75
926,2017,60,Logan Square,22
927,2017,69,Morgan Park,75
928,2017,73,Fuller Park,37
929,2017,70,South Shore,43
930,2017,57,East Side,52
931,2017,76,Norwood Park,10
932,2017,82,Ashburn,70
933,2017,75,Lincoln Square,4
934,2017,73,Garfield Park,27
935,2017,71,West Ridge,2
936,2017,69,Hyde Park,41
937,2017,76,Chatham,44
938,2017,53,Archer Heights,57
939,2017,71,North Park,13
940,2017,82,Brighton Park,58
941,2017,45,Grand Boulevard,38
942,2017,42,Belmont Cragin,19
943,2017,82,Calumet Heights,48
944,2017,40,Chicago Lawn,66
945,2017,53,Garfield Park,27
946,2017,62,"Little Italy, UIC",28
947,2017,80,Norwood Park,10
948,2017,85,Norwood Park,10
949,2017,35,Douglas,35
950,2017,75,Ukrainian Village,24
951,2017,67,United Center,28
952,2017,62,Edgewater,77
953,2017,25,South Shore,43
954,2017,75,Irving Park,16
955,2017,42,Englewood,68
956,2017,75,Roseland,49
957,2017,67,North Lawndale,29
958,2017,90,Englewood,68
959,2017,75,Logan Square,22
960,2017,62,Austin,25
961,2017,77,Austin,25
962,2017,50,Little Village,30
963,2017,63,Albany Park,14
964,2017,55,West Lawn,65
965,2017,37,Andersonville,77
966,2017,75,Garfield Park,27
967,2017,62,Woodlawn,42
968,2017,75,Auburn Gresham,71
969,2017,67,Belmont Cragin,19
970,2017,80,Roseland,49
971,2017,62,Dunning,17
972,2017,82,Norwood Park,10
973,2017,50,South Chicago,46
974,2017,72,West Town,24
975,2017,72,North Center,5
976,2017,60,Avalon Park,45
977,2017,55,Austin,25
978,2017,67,Humboldt Park,23
979,2017,53,New City,61
980,2017,30,Austin,25
981,2017,50,Englewood,68
982,2017,67,West Town,24
983,2017,37,Little Village,30
984,2017,55,Garfield Ridge,56
985,2017,75,Lake View,6
986,2017,73,Little Village,30
987,2017,52,North Lawndale,29
988,2017,63,Austin,25
989,2017,90,West Town,24
990,2017,59,South Deering,51
991,2017,65,East Village,24
992,2017,50,Douglas,35
993,2017,53,South Deering,51
994,2017,80,Lake View,6
995,2017,82,West Pullman,53
996,2017,92,River North,8
997,2017,65,Lake View,6
998,2017,40,Little Village,30
999,2017,67,Humboldt Park,23
1000,2017,82,Belmont Cragin,19
1001,2017,52,Old Town,8
1002,2017,50,Oakland,36
1003,2017,76,Lower West Side,31
1004,2017,25,Grand Boulevard,38
1005,2017,38,Lower West Side,31
1006,2017,76,West Lawn,65
1007,2017,75,West Ridge,2
1008,2017,48,West Pullman,53
1009,2017,36,Hyde Park,41
1010,2017,22,Auburn Gresham,71
1011,2017,42,Ashburn,70
1012,2017,50,Grand Crossing,69
1013,2017,57,Brighton Park,58
1014,2017,67,Riverdale,54
1015,2017,67,West Town,24
1016,2017,76,South Chicago,46
1017,2017,48,North Lawndale,29
1018,2017,37,North Lawndale,29
1019,2017,82,West Town,24
1020,2017,42,Washington Heights,73
1021,2017,80,North Center,5
1022,2017,87,Ashburn,70
1023,2017,62,Albany Park,14
1024,2017,61,Austin,25
1025,2017,67,Lincoln Park,7
1026,2017,44,Gage Park,63
1027,2017,94,South Shore,43
1028,2017,82,Bridgeport,60
1029,2017,80,Belmont Cragin,19
1030,2017,81,Near South Side,33
1031,2017,18,"Little Italy, UIC",28
1032,2017,30,Morgan Park,75
1033,2017,72,Mckinley Park,59
1034,2017,70,Roseland,49
1035,2017,63,River North,8
1036,2017,15,West Ridge,2
1037,2017,73,Chatham,44
1038,2017,78,Washington Heights,73
1039,2017,63,Englewood,68
1040,2017,65,West Elsdon,62
1041,2017,65,Wicker Park,24
1042,2017,57,Lower West Side,31
1043,2017,65,Englewood,68
1044,2017,50,Humboldt Park,23
1045,2017,61,Clearing,64
1046,2017,65,Avondale,21
1047,2017,62,North Lawndale,29
1048,2017,53,Chatham,44
1049,2017,85,Brighton Park,58
1050,2017,75,Morgan Park,75
1051,2017,80,Avondale,21
1052,2017,80,New City,61
1053,2017,65,Montclare,18
1054,2017,70,North Center,5
1055,2017,67,Albany Park,14
1056,2017,70,Avondale,21
1057,2017,63,Lincoln Square,4
1058,2017,76,Washington Heights,73
1059,2017,57,West Ridge,2
1060,2017,25,Austin,25
1061,2017,75,Belmont Cragin,19
1062,2017,52,Garfield Park,27
1063,2017,40,Near South Side,33
1064,2017,55,North Lawndale,29
1065,2017,63,Portage Park,15
1066,2017,71,Ashburn,70
1067,2017,84,Bucktown,22
1068,2017,51,North Lawndale,29
1069,2017,53,Roseland,49
1070,2017,88,Logan Square,22
1071,2017,57,Kenwood,39
1072,2017,67,Mount Greenwood,74
1073,2017,43,Washington Heights,73
1074,2017,78,Portage Park,15
1075,2017,47,Douglas,35
1076,2017,61,South Chicago,46
1077,2017,42,East Side,52
1078,2017,47,Englewood,68
1079,2017,71,Garfield Park,27
1080,2017,46,Gage Park,63
1081,2017,71,Ashburn,70
1082,2017,51,Near South Side,33
1083,2017,47,"Little Italy, UIC",28
1084,2017,55,Humboldt Park,23
1085,2017,65,Washington Heights,73
1086,2017,73,Little Village,30
1087,2017,45,Austin,25
1088,2017,53,Humboldt Park,23
1089,2017,56,Grand Crossing,69
1090,2017,62,Portage Park,15
1091,2017,60,Riverdale,54
1092,2017,62,South Shore,43
1093,2017,57,Humboldt Park,23
1094,2017,70,Beverly,72
1095,2017,62,East Side,52
1096,2017,77,Uptown,3
1097,2017,53,South Shore,43
1098,2017,61,Auburn Gresham,71
1099,2017,75,Avondale,21
1100,2017,82,Humboldt Park,23
1101,2017,84,North Center,5
1102,2017,94,North Park,13
1103,2017,77,"Little Italy, UIC",28
1104,2017,76,Garfield Ridge,56
1105,2017,66,Pullman,50
1106,2017,40,Washington Heights,73
1107,2017,72,Garfield Ridge,56
1108,2017,75,Washington Heights,73
1109,2017,62,Washington Park,40
1110,2017,75,Lincoln Square,4
1111,2017,57,Rush & Division,8
1112,2017,80,Little Village,30
1113,2017,67,West Pullman,53
1114,2017,67,Austin,25
1115,2017,44,Austin,25
1116,2017,35,Englewood,68
1117,2017,62,Lower West Side,31
1118,2017,67,Gage Park,63
1119,2017,75,North Park,13
1120,2017,82,Old Town,8
1121,2017,70,O'Hare,76
1122,2017,31,Ashburn,70
1123,2017,69,Bridgeport,60
1124,2017,63,Brighton Park,58
1125,2017,67,Logan Square,22
1126,2017,72,Little Village,30
1127,2017,62,Grand Crossing,69
1128,2017,65,North Center,5
1129,2017,78,West Pullman,53
1130,2017,52,Brighton Park,58
1131,2017,82,Lower West Side,31
1132,2017,92,Mount Greenwood,74
1133,2017,62,West Lawn,65
1134,2017,70,Belmont Cragin,19
1135,2017,68,Roseland,49
1136,2017,85,Lincoln Square,4
1137,2017,80,Logan Square,22
1138,2017,66,Bridgeport,60
1139,2017,92,Lake View,6
1140,2017,60,Gage Park,63
1141,2017,61,West Loop,32
1142,2017,63,Calumet Heights,48
1143,2017,92,Mount Greenwood,74
1144,2017,70,Portage Park,15
1145,2017,63,Auburn Gresham,71
1146,2017,28,Lower West Side,31
1147,2017,65,Little Village,30
1148,2017,62,Grand Boulevard,38
1149,2017,52,Little Village,30
1150,2017,57,Morgan Park,75
1151,2017,69,Chicago Lawn,66
1152,2017,51,North Lawndale,29
1153,2017,72,West Ridge,2
1154,2017,65,Albany Park,14
1155,2017,81,Woodlawn,42
1156,2017,67,Near South Side,33
1157,2017,82,Washington Heights,73
1158,2017,62,South Chicago,46
1159,2017,72,Chicago Lawn,66
1160,2017,88,Belmont Cragin,19
1161,2017,55,Armour Square,34
1162,2017,75,Irving Park,16
1163,2017,42,Englewood,68
1164,2017,34,Avondale,21
1165,2017,44,Englewood,68
1166,2017,62,Belmont Cragin,19
1167,2017,67,South Shore,43
1168,2017,75,Garfield Park,27
1169,2017,75,North Lawndale,29
1170,2017,55,Rogers Park,1
1171,2017,40,United Center,28
1172,2017,62,Brighton Park,58
1173,2017,69,Humboldt Park,23
1174,2017,69,Grand Crossing,69
1175,2017,40,Belmont Cragin,19
1176,2017,80,Kenwood,39
1177,2017,76,Auburn Gresham,71
1178,2017,76,Clearing,64
1179,2017,60,Grand Crossing,69
1180,2017,44,Grand Crossing,69
1181,2017,45,Chicago Lawn,66
1182,2017,78,Washington Park,40
1183,2017,72,Lincoln Park,7
1184,2017,55,Irving Park,16
1185,2017,67,Humboldt Park,23
1186,2017,70,Kenwood,39
1187,2017,78,Pullman,50
1188,2017,75,Auburn Gresham,71
1189,2017,77,Lower West Side,31
1190,2017,50,Little Village,30
1191,2017,73,East Side,52
1192,2017,90,Lower West Side,31
1193,2017,50,Englewood,68
1194,2017,57,Rogers Park,1
1195,2017,82,Auburn Gresham,71
1196,2017,58,Englewood,68
1197,2017,86,Edison Park,9
1198,2017,25,Galewood,25
1199,2017,65,Austin,25
1200,2017,42,Humboldt Park,23
1201,2017,76,Boystown,6
1202,2017,57,North Lawndale,29
1203,2017,73,Humboldt Park,23
1204,2017,50,South Chicago,46
1205,2017,61,Ashburn,70
1206,2017,57,Austin,25
1207,2017,42,Englewood,68
1208,2017,78,Mckinley Park,59
1209,2017,36,Oakland,36
1210,2017,73,West Ridge,2
1211,2017,67,Grand Crossing,69
1212,2017,44,Lower West Side,31
1213,2017,34,Calumet Heights,48
1214,2017,63,Ashburn,70
1215,2017,73,Beverly,72
1216,2017,80,Englewood,68
1217,2017,59,Avondale,21
1218,2017,62,Rogers Park,1
1219,2017,67,Brighton Park,58
1220,2017,50,Gage Park,63
1221,2017,36,Austin,25
1222,2017,37,Little Village,30
1223,2017,63,Chatham,44
1224,2017,62,Avalon Park,45
1225,2017,44,Washington Park,40
1226,2017,50,Roseland,49
1227,2017,69,Albany Park,14
1228,2017,62,Irving Park,16
1229,2017,50,Chicago Lawn,66
1230,2017,93,Englewood,68
1231,2017,84,Avondale,21
1232,2017,72,South Shore,43
1233,2017,71,Lincoln Park,7
1234,2017,69,Gage Park,63
1235,2017,60,Hegewisch,55
1236,2017,65,Avondale,21
1237,2017,63,Belmont Cragin,19
1238,2017,40,South Shore,43
1239,2017,80,West Ridge,2
1240,2017,38,New City,61
1241,2017,44,"Little Italy, UIC",28
1242,2017,77,Hermosa,20
1243,2017,61,Armour Square,34
1244,2017,52,West Pullman,53
1245,2017,71,Chatham,44
1246,2017,30,Woodlawn,42
1247,2017,51,West Elsdon,62
1248,2017,52,Auburn Gresham,71
1249,2017,66,New City,61
1250,2017,73,Norwood Park,10
1251,2017,55,Logan Square,22
1252,2017,61,South Chicago,46
1253,2017,57,Little Village,30
1254,2017,40,Albany Park,14
1255,2017,53,Edgewater,77
1256,2017,65,Garfield Park,27
1257,2017,51,Englewood,68
1258,2017,92,"Sauganash,Forest Glen",12
1259,2017,85,Uptown,3
1260,2017,69,Hermosa,20
1261,2017,77,"Little Italy, UIC",28
1262,2017,90,Jefferson Park,11
1263,2017,70,Dunning,17
1264,2017,48,North Lawndale,29
1265,2017,45,Archer Heights,57
1266,2017,25,Douglas,35
1267,2017,67,Ukrainian Village,24
1268,2017,73,United Center,28
1269,2017,52,Archer Heights,57
1270,2017,57,Englewood,68
1271,2017,90,Clearing,64
1272,2017,65,Little Village,30
1273,2017,67,Hegewisch,55
1274,2017,82,Irving Park,16
1275,2017,67,Ukrainian Village,24
1276,2017,50,Englewood,68
1277,2017,78,Old Town,8
1278,2017,65,Lower West Side,31
1279,2017,55,Auburn Gresham,71
1280,2017,77,Bridgeport,60
1281,2017,33,Englewood,68
1282,2017,57,Lower West Side,31
1283,2017,76,Austin,25
1284,2017,80,Uptown,3
1285,2017,50,Washington Park,40
1286,2017,57,Rogers Park,1
1287,2017,60,West Lawn,65
1288,2017,57,West Town,24
1289,2017,69,Auburn Gresham,71
1290,2017,40,Brighton Park,58
1291,2017,65,Irving Park,16
1292,2017,57,Grand Crossing,69
1293,2017,70,Ashburn,70
1294,2017,62,Brighton Park,58
1295,2017,61,Garfield Park,27
1296,2017,48,Riverdale,54
1297,2017,69,Avondale,21
1298,2017,63,Little Village,30
1299,2017,69,Belmont Cragin,19
1300,2017,87,Ukrainian Village,24
1301,2017,67,Washington Heights,73
1302,2017,80,Galewood,25
1303,2017,45,Chinatown,32
1304,2017,39,Ukrainian Village,24
1305,2017,52,Douglas,35
1306,2017,63,Portage Park,15
1307,2017,42,Garfield Park,27
1308,2017,50,Belmont Cragin,19
1309,2017,71,West Town,24
1310,2017,65,Beverly,72
1311,2017,77,Humboldt Park,23
1312,2017,50,Grand Boulevard,38
1313,2017,65,Roseland,49
1314,2017,65,North Lawndale,29
1315,2017,47,Englewood,68
1316,2017,22,Auburn Gresham,71
1317,2017,55,North Lawndale,29
1318,2017,46,Englewood,68
1319,2017,65,United Center,28
1320,2017,65,Humboldt Park,23
1321,2017,35,Grand Boulevard,38
1322,2012,78,Lincoln Park,7
1323,2012,64,South Shore,43
1324,2012,45,Ashburn,70
1325,2012,53,New City,61
1326,2012,57,Armour Square,34
1327,2012,53,Albany Park,14
1328,2012,75,North Center,5
1329,2012,33,Wicker Park,24
1330,2012,60,North Center,5
1331,2012,50,Albany Park,14
1332,2012,75,North Center,5
1333,2012,35,New City,61
1334,2012,67,Lake View,6
1335,2012,30,Humboldt Park,23
1336,2012,50,Roseland,49
1337,2012,21,Roseland,49
1338,2012,35,Humboldt Park,23
1339,2012,50,Beverly,72
1340,2012,50,Garfield Park,27
1341,2012,30,North Lawndale,29
1342,2012,70,Calumet Heights,48
1343,2012,28,Logan Square,22
1344,2012,32,Englewood,68
1345,2012,35,Humboldt Park,23
1346,2012,50,Woodlawn,42
1347,2012,66,"Little Italy, UIC",28
1348,2012,39,Englewood,68
1349,2012,92,Mount Greenwood,74
1350,2012,58,Wicker Park,24
1351,2012,60,Grand Boulevard,38
1352,2012,50,Kenwood,39
1353,2012,45,Englewood,68
1354,2012,45,South Chicago,46
1355,2012,55,New City,61
1356,2012,50,Chatham,44
1357,2012,71,Dunning,17
1358,2012,25,Chatham,44
1359,2012,35,Englewood,68
1360,2012,57,Ashburn,70
1361,2012,75,Lake View,6
1362,2012,33,Austin,25
1363,2012,25,Woodlawn,42
1364,2012,41,Austin,25
1365,2012,25,Avalon Park,45
1366,2012,75,Morgan Park,75
1367,2012,75,Belmont Cragin,19
1368,2012,50,Lower West Side,31
1369,2012,33,Englewood,68
1370,2012,40,Englewood,68
1371,2012,35,Humboldt Park,23
1372,2012,35,Washington Park,40
1373,2012,39,Kenwood,39
1374,2012,75,Clearing,64
1375,2012,60,Hyde Park,41
1376,2012,25,Humboldt Park,23
1377,2012,50,Brighton Park,58
1378,2012,39,Grand Boulevard,38
1379,2012,78,South Deering,51
1380,2012,55,Chatham,44
1381,2012,64,Brighton Park,58
1382,2012,30,Irving Park,16
1383,2012,60,Avondale,21
1384,2012,53,Englewood,68
1385,2012,25,Ashburn,70
1386,2012,21,Grand Boulevard,38
1387,2012,50,New City,61
1388,2012,39,Belmont Cragin,19
1389,2012,75,North Lawndale,29
1390,2012,42,Ashburn,70
1391,2012,40,Little Village,30
1392,2012,30,Washington Heights,73
1393,2012,30,Hyde Park,41
1394,2012,50,Bridgeport,60
1395,2012,35,Avalon Park,45
1396,2012,25,Belmont Cragin,19
1397,2012,46,Logan Square,22
1398,2012,20,Englewood,68
1399,2012,42,Grand Crossing,69
1400,2012,35,Grand Crossing,69
1401,2012,39,Garfield Park,27
1402,2012,55,Englewood,68
1403,2012,50,Dunning,17
1404,2012,45,Dunning,17
1405,2012,64,Mount Greenwood,74
1406,2012,25,Douglas,35
1407,2012,30,Avalon Park,45
1408,2012,53,Edison Park,9
1409,2012,35,Roseland,49
1410,2012,60,Ukrainian Village,24
1411,2012,42,Auburn Gresham,71
1412,2012,42,Chicago Lawn,66
1413,2012,60,North Lawndale,29
1414,2012,64,Brighton Park,58
1415,2012,16,Roseland,49
1416,2012,70,Grand Boulevard,38
1417,2012,42,North Lawndale,29
1418,2012,68,Little Village,30
1419,2012,50,West Ridge,2
1420,2012,75,Norwood Park,10
1421,2012,50,Grand Boulevard,38
1422,2012,25,Little Village,30
1423,2012,40,Humboldt Park,23
1424,2012,25,Englewood,68
1425,2012,60,Garfield Park,27
1426,2012,41,Little Village,30
1427,2012,75,North Center,5
1428,2012,50,New City,61
1429,2012,50,West Ridge,2
1430,2012,81,Irving Park,16
1431,2012,28,Chicago Lawn,66
1432,2012,20,East Side,52
1433,2012,62,Belmont Cragin,19
1434,2012,62,Kenwood,39
1435,2012,35,Woodlawn,42
1436,2012,57,Roseland,49
1437,2012,60,Ashburn,70
1438,2012,45,North Lawndale,29
1439,2012,25,Washington Park,40
1440,2012,64,Pullman,50
1441,2012,67,"Sauganash,Forest Glen",12
1442,2012,60,Norwood Park,10
1443,2012,25,Washington Park,40
1444,2012,46,South Shore,43
1445,2012,35,Washington Park,40
1446,2012,64,Garfield Park,27
1447,2012,46,South Chicago,46
1448,2012,62,Mckinley Park,59
1449,2012,46,River North,8
1450,2012,40,Austin,25
1451,2012,50,West Lawn,65
1452,2012,42,New City,61
1453,2012,40,West Pullman,53
1454,2012,25,Portage Park,15
1455,2012,39,Englewood,68
1456,2012,41,Grand Crossing,69
1457,2012,50,Little Village,30
1458,2012,60,Beverly,72
1459,2012,53,West Town,24
1460,2012,57,Lincoln Square,4
1461,2012,40,Austin,25
1462,2012,28,New City,61
1463,2012,89,West Town,24
1464,2012,30,Grand Crossing,69
1465,2012,53,Little Village,30
1466,2012,42,Woodlawn,42
1467,2012,55,South Shore,43
1468,2012,50,Gage Park,63
1469,2012,64,Gage Park,63
1470,2012,45,Portage Park,15
1471,2012,45,Morgan Park,75
1472,2012,35,Rogers Park,1
1473,2012,16,O'Hare,76
1474,2012,50,Mckinley Park,59
1475,2012,35,Chicago Lawn,66
1476,2012,57,Avondale,21
1477,2012,75,United Center,28
1478,2012,39,West Elsdon,62
1479,2012,32,Washington Heights,73
1480,2012,35,Kenwood,39
1481,2012,50,Gage Park,63
1482,2012,55,Washington Heights,73
1483,2012,32,Auburn Gresham,71
1484,2012,46,Little Village,30
1485,2012,46,Chicago Lawn,66
1486,2012,30,Fuller Park,37
1487,2012,40,Austin,25
1488,2012,45,Englewood,68
1489,2012,50,Roseland,49
1490,2012,33,Roseland,49
1491,2012,70,Old Town,8
1492,2012,39,Brighton Park,58
1493,2012,40,Avondale,21
1494,2012,37,Belmont Cragin,19
1495,2012,71,North Lawndale,29
1496,2012,85,Ukrainian Village,24
1497,2012,35,Austin,25
1498,2012,15,Logan Square,22
1499,2012,87,Edison Park,9
1500,2012,55,North Center,5
1501,2012,45,North Park,13
1502,2012,25,Gage Park,63
1503,2012,53,"Little Italy, UIC",28
1504,2012,39,Auburn Gresham,71
1505,2012,75,Garfield Park,27
1506,2012,55,West Ridge,2
1507,2012,45,Bridgeport,60
1508,2012,67,Edgewater,77
1509,2012,53,Mount Greenwood,74
1510,2012,45,Pullman,50
1511,2012,68,Austin,25
1512,2012,40,Old Town,8
1513,2012,60,Pullman,50
1514,2012,35,Austin,25
1515,2012,33,Riverdale,54
1516,2012,40,Riverdale,54
1517,2012,57,East Side,52
1518,2012,40,East Side,52
1519,2012,55,Roseland,49
1520,2012,82,Humboldt Park,23
1521,2012,32,Garfield Park,27
1522,2012,50,Little Village,30
1523,2012,50,Uptown,3
1524,2012,40,Englewood,68
1525,2012,57,Little Village,30
1526,2012,53,Irving Park,16
1527,2012,55,Garfield Park,27
1528,2012,33,West Lawn,65
1529,2012,55,Roseland,49
1530,2012,71,North Park,13
1531,2012,35,Belmont Cragin,19
1532,2012,50,Burnside,47
1533,2012,35,Humboldt Park,23
1534,2012,50,Galewood,25
1535,2012,78,Lake View,6
1536,2012,46,Garfield Park,27
1537,2012,40,Andersonville,77
1538,2012,39,Albany Park,14
1539,2012,25,Hegewisch,55
1540,2012,50,Belmont Cragin,19
1541,2012,66,Austin,25
1542,2012,41,Grand Crossing,69
1543,2012,46,Morgan Park,75
1544,2012,18,South Shore,43
1545,2012,64,Irving Park,16
1546,2012,40,Englewood,68
1547,2012,50,Lake View,6
1548,2012,25,South Chicago,46
1549,2012,50,Austin,25
1550,2012,30,Woodlawn,42
1551,2012,60,Edgewater,77
1552,2012,75,Douglas,35
1553,2012,55,Little Village,30
1554,2012,60,Little Village,30
1555,2012,55,Lake View,6
1556,2012,30,Riverdale,54
1557,2012,25,Gage Park,63
1558,2012,53,Lower West Side,31
1559,2012,45,Grand Boulevard,38
1560,2012,20,South Shore,43
1561,2012,37,Oakland,36
1562,2012,66,Garfield Park,27
1563,2012,57,Portage Park,15
1564,2012,57,Jefferson Park,11
1565,2012,55,Lincoln Square,4
1566,2012,65,Chatham,44
1567,2012,60,Lake View,6
1568,2012,25,New City,61
1569,2012,25,South Shore,43
1570,2012,40,Logan Square,22
1571,2012,25,South Chicago,46
1572,2012,82,West Town,24
1573,2012,35,Douglas,35
1574,2012,35,Humboldt Park,23
1575,2012,45,Brighton Park,58
1576,2012,50,Woodlawn,42
1577,2012,53,Armour Square,34
1578,2012,64,North Lawndale,29
1579,2012,50,East Side,52
1580,2012,42,Chatham,44
1581,2012,58,Jefferson Park,11
1582,2012,53,Humboldt Park,23
1583,2012,46,Garfield Park,27
1584,2012,62,West Pullman,53
1585,2012,50,Englewood,68
1586,2012,67,Logan Square,22
1587,2012,70,Lower West Side,31
1588,2012,53,Hermosa,20
1589,2012,46,Douglas,35
1590,2012,75,Irving Park,16
1591,2012,50,Garfield Park,27
1592,2012,42,Brighton Park,58
1593,2012,75,North Center,5
1594,2012,64,Clearing,64
1595,2012,32,Chinatown,32
1596,2012,50,Morgan Park,75
1597,2012,40,Chicago Lawn,66
1598,2012,35,Woodlawn,42
1599,2012,30,Garfield Ridge,56
1600,2012,46,Grand Crossing,69
1601,2012,50,Lower West Side,31
1602,2012,42,West Elsdon,62
1603,2012,57,Grand Crossing,69
1604,2012,60,Austin,25
1605,2012,28,New City,61
1606,2012,55,Garfield Ridge,56
1607,2012,50,Beverly,72
1608,2012,75,North Center,5
1609,2012,87,Douglas,35
1610,2012,53,South Deering,51
1611,2012,50,Garfield Park,27
1612,2012,53,Garfield Park,27
1613,2012,45,"Little Italy, UIC",28
1614,2012,65,West Pullman,53
1615,2012,75,Albany Park,14
1616,2012,42,Englewood,68
1617,2012,57,Little Village,30
1618,2012,46,Uptown,3
1619,2012,55,Chatham,44
1620,2012,37,Auburn Gresham,71
1621,2012,60,Norwood Park,10
1622,2012,42,West Pullman,53
1623,2012,64,Wicker Park,24
1624,2012,35,Irving Park,16
1625,2012,42,Rogers Park,1
1626,2012,53,Wicker Park,24
1627,2012,62,Little Village,30
1628,2012,53,Uptown,3
1629,2012,28,Little Village,30
1630,2012,50,Montclare,18
1631,2012,39,Lower West Side,31
1632,2012,57,Garfield Park,27
1633,2012,35,Galewood,25
1634,2012,50,Uptown,3
1635,2012,41,Calumet Heights,48
1636,2012,67,Englewood,68
1637,2012,39,Lower West Side,31
1638,2012,50,Rogers Park,1
1639,2012,45,North Lawndale,29
1640,2012,71,Austin,25
1641,2012,25,Calumet Heights,48
1642,2012,55,Beverly,72
1643,2012,20,Hermosa,20
1644,2012,58,Kenwood,39
1645,2012,50,Lake View,6
1646,2012,39,Roseland,49
1647,2012,60,Old Town,8
1648,2012,67,East Village,24
1649,2012,39,Belmont Cragin,19
1650,2012,62,Little Village,30
1651,2012,35,Garfield Park,27
1652,2012,57,Chatham,44
1653,2012,32,Austin,25
1654,2012,60,Lincoln Park,7
1655,2012,35,Ashburn,70
1656,2012,53,Little Village,30
1657,2012,40,Avondale,21
1658,2012,45,Logan Square,22
1659,2012,45,Lake View,6
1660,2012,56,Lincoln Park,7
1661,2012,60,Austin,25
1662,2012,33,Boystown,6
1663,2012,41,West Elsdon,62
1664,2012,45,Grand Boulevard,38
1665,2012,30,Englewood,68
1666,2012,40,Belmont Cragin,19
1667,2012,42,Lincoln Square,4
1668,2012,50,Andersonville,77
1669,2012,45,Auburn Gresham,71
1670,2012,57,West Town,24
1671,2012,30,Garfield Park,27
1672,2012,50,Lower West Side,31
1673,2012,50,Washington Heights,73
1674,2012,75,West Lawn,65
1675,2012,50,Little Village,30
1676,2012,35,Archer Heights,57
1677,2012,46,United Center,28
1678,2012,60,Bridgeport,60
1679,2012,66,West Loop,32
1680,2012,71,Garfield Ridge,56
1681,2012,10,Chicago Lawn,66
1682,2012,40,Grand Crossing,69
1683,2012,42,Humboldt Park,23
1684,2012,57,Belmont Cragin,19
1685,2012,85,Lake View,6
1686,2012,62,Calumet Heights,48
1687,2012,55,North Park,13
1688,2012,40,Belmont Cragin,19
1689,2012,71,Garfield Park,27
1690,2012,50,Garfield Park,27
1691,2012,50,North Lawndale,29
1692,2012,45,North Lawndale,29
1693,2012,39,East Side,52
1694,2012,50,Washington Heights,73
1695,2012,40,Grand Boulevard,38
1696,2012,55,Garfield Park,27
1697,2012,46,Garfield Ridge,56
1698,2012,37,Austin,25
1699,2012,35,Roseland,49
1700,2012,45,Austin,25
1701,2012,60,West Ridge,2
1702,2012,45,Kenwood,39
1703,2012,33,Morgan Park,75
1704,2012,67,Humboldt Park,23
1705,2012,35,"Little Italy, UIC",28
1706,2012,58,Mount Greenwood,74
1707,2012,35,Washington Heights,73
1708,2012,55,Little Village,30
1709,2012,46,South Shore,43
1710,2012,62,Mckinley Park,59
1711,2012,60,Clearing,64
1712,2012,75,North Lawndale,29
1713,2012,75,Garfield Park,27
1714,2012,50,Brighton Park,58
1715,2012,71,Near South Side,33
1716,2012,41,Chatham,44
1717,2012,33,West Town,24
1718,2012,62,Rogers Park,1
1719,2012,20,South Chicago,46
1720,2012,42,Irving Park,16
1721,2012,50,Edgewater,77
1722,2012,55,Englewood,68
1723,2012,50,South Chicago,46
1724,2012,50,Dunning,17
1725,2012,33,Humboldt Park,23
1726,2012,57,Albany Park,14
1727,2012,90,North Park,13
1728,2012,35,Washington Heights,73
1729,2012,78,North Park,13
1730,2012,8,Belmont Cragin,19
1731,2012,71,Norwood Park,10
1732,2012,33,West Town,24
1733,2012,57,Dunning,17
1734,2012,42,Chatham,44
1735,2012,40,Englewood,68
1736,2012,75,Norwood Park,10
1737,2012,45,Lower West Side,31
1738,2012,20,South Deering,51
1739,2012,46,Austin,25
1740,2012,50,Sheffield & DePaul,7
1741,2012,25,Humboldt Park,23
1742,2012,57,Grand Crossing,69
1743,2012,25,South Shore,43
1744,2012,53,Irving Park,16
1745,2012,57,Auburn Gresham,71
1746,2012,35,Douglas,35
1747,2012,45,Grand Crossing,69
1748,2012,33,Englewood,68
1749,2012,46,Englewood,68
1750,2012,50,Douglas,35
1751,2012,46,Portage Park,15
1752,2012,71,West Ridge,2
1753,2012,30,Bridgeport,60
1754,2012,50,Hyde Park,41
1755,2012,25,Garfield Ridge,56
1756,2012,55,United Center,28
1757,2012,40,Lower West Side,31
1758,2012,50,Portage Park,15
1759,2012,50,Bucktown,22
1760,2012,39,Gage Park,63
1761,2012,50,West Pullman,53
1762,2012,45,Lake View,6
1763,2012,67,Near South Side,33
1764,2012,46,Archer Heights,57
1765,2012,41,West Lawn,65
1766,2012,39,New City,61
1767,2012,42,Auburn Gresham,71
1768,2012,45,United Center,28
1769,2012,65,Logan Square,22
1770,2012,39,Lincoln Square,4
1771,2012,60,Calumet Heights,48
1772,2012,60,Austin,25
1773,2012,53,New City,61
1774,2012,50,Bridgeport,60
1775,2012,30,South Deering,51
1776,2012,60,Clearing,64
1777,2012,75,Englewood,68
1778,2012,60,United Center,28
1779,2012,30,Ukrainian Village,24
1780,2012,35,West Town,24
1781,2012,32,Rogers Park,1
1782,2012,42,West Pullman,53
1783,2012,39,Austin,25
1784,2012,25,Little Village,30
1785,2012,50,North Lawndale,29
1786,2012,50,Washington Heights,73
1787,2012,55,River North,8
1788,2012,67,Norwood Park,10
1789,2012,35,Logan Square,22
1790,2012,46,West Pullman,53
1791,2012,83,"Sauganash,Forest Glen",12
1792,2012,42,Auburn Gresham,71
1793,2012,62,Hermosa,20
1794,2012,39,Gage Park,63
1795,2012,35,Englewood,68
1796,2012,41,Englewood,68
1797,2012,62,River North,8
1798,2012,37,Gage Park,63
1799,2012,30,West Pullman,53
1800,2012,53,Near South Side,33
1801,2012,75,South Shore,43
1802,2012,62,Englewood,68
1803,2012,57,Austin,25
1804,2012,80,Little Village,30
1805,2012,82,West Ridge,2
1806,2012,25,Rogers Park,1
1807,2012,60,Edgewater,77
1808,2012,50,West Ridge,2
1809,2012,60,West Ridge,2
1810,2012,89,Gage Park,63
1811,2012,50,Chicago Lawn,66
1812,2012,57,Englewood,68
1813,2012,50,Little Village,30
1814,2012,58,North Lawndale,29
1815,2012,41,Albany Park,14
1816,2012,40,Pullman,50
1817,2012,75,Albany Park,14
1818,2012,55,Fuller Park,37
1819,2012,55,North Lawndale,29
1820,2012,60,Bucktown,22
1821,2012,75,Calumet Heights,48
1822,2012,50,West Pullman,53
1823,2012,60,Lincoln Square,4
1824,2012,40,Brighton Park,58
1825,2012,8,Irving Park,16
1826,2012,55,Roseland,49
1827,2012,60,Uptown,3
1828,2012,75,Mckinley Park,59
1829,2012,57,United Center,28
1830,2012,70,Hegewisch,55
1831,2012,50,Austin,25
1832,2012,64,Old Town,8
1833,2012,91,River North,8
1834,2012,32,Auburn Gresham,71
1835,2012,55,Englewood,68
1836,2012,56,Gage Park,63
1837,2012,50,Portage Park,15
1838,2012,45,"Little Italy, UIC",28
1839,2012,50,East Village,24
1840,2012,45,Washington Heights,73
1841,2012,87,Douglas,35
1842,2012,17,Pullman,50
1843,2012,35,Humboldt Park,23
1844,2012,42,West Pullman,53
1845,2012,50,West Ridge,2
1846,2012,71,West Loop,32
1847,2012,71,"Sauganash,Forest Glen",12
1848,2012,75,Garfield Park,27
1849,2012,25,Englewood,68
1850,2012,53,Ashburn,70
1851,2012,70,Uptown,3
1852,2012,25,Kenwood,39
1853,2012,40,Riverdale,54
1854,2012,60,Dunning,17
1855,2012,57,Lower West Side,31
1856,2012,50,Albany Park,14
1857,2012,53,United Center,28
1858,2012,50,"Little Italy, UIC",28
1859,2012,41,Norwood Park,10
1860,2012,55,Lincoln Park,7
1861,2012,35,Hyde Park,41
1862,2012,41,Auburn Gresham,71
1863,2012,50,New City,61
1864,2012,20,Ashburn,70
1865,2012,60,Douglas,35
1866,2012,39,Norwood Park,10
1867,2012,83,Printers Row,32
1868,2012,46,South Chicago,46
1869,2012,75,North Lawndale,29
1870,2012,45,Portage Park,15
1871,2012,55,Hermosa,20
1872,2012,35,Englewood,68
1873,2012,50,Douglas,35
1874,2012,55,Douglas,35
1875,2012,45,New City,61
1876,2012,28,Washington Park,40
1877,2012,50,Logan Square,22
1878,2012,80,Woodlawn,42
1879,2012,42,Little Village,30
1880,2013,66,East Side,52
1881,2013,63,Lake View,6
1882,2013,66,Lincoln Park,7
1883,2013,27,Englewood,68
1884,2013,61,Bridgeport,60
1885,2013,72,West Ridge,2
1886,2013,36,Logan Square,22
1887,2013,47,Grand Boulevard,38
1888,2013,75,North Center,5
1889,2013,41,Avalon Park,45
1890,2013,37,Beverly,72
1891,2013,66,Hermosa,20
1892,2013,44,Auburn Gresham,71
1893,2013,25,Englewood,68
1894,2013,38,Irving Park,16
1895,2013,61,Englewood,68
1896,2013,91,Albany Park,14
1897,2013,58,Austin,25
1898,2013,80,Jefferson Park,11
1899,2013,55,Garfield Park,27
1900,2013,61,Irving Park,16
1901,2013,80,North Center,5
1902,2013,50,Roseland,49
1903,2013,72,Lake View,6
1904,2013,69,West Ridge,2
1905,2013,50,Auburn Gresham,71
1906,2013,50,South Shore,43
1907,2013,44,Ashburn,70
1908,2013,25,Roseland,49
1909,2013,55,Logan Square,22
1910,2013,58,Dunning,17
1911,2013,38,South Deering,51
1912,2013,72,United Center,28
1913,2013,33,Grand Crossing,69
1914,2013,69,South Shore,43
1915,2013,52,Lincoln Square,4
1916,2013,75,Belmont Cragin,19
1917,2013,20,Washington Park,40
1918,2013,91,Lake View,6
1919,2013,88,South Deering,51
1920,2013,33,Little Village,30
1921,2013,37,Chatham,44
1922,2013,66,Wicker Park,24
1923,2013,66,Brighton Park,58
1924,2013,38,Austin,25
1925,2013,63,Garfield Ridge,56
1926,2013,41,Avalon Park,45
1927,2013,52,Little Village,30
1928,2013,35,New City,61
1929,2013,45,Humboldt Park,23
1930,2013,63,Dunning,17
1931,2013,37,Woodlawn,42
1932,2013,30,Ashburn,70
1933,2013,54,Gage Park,63
1934,2013,20,Washington Park,40
1935,2013,30,Riverdale,54
1936,2013,52,Riverdale,54
1937,2013,94,Mount Greenwood,74
1938,2013,12,Woodlawn,42
1939,2013,72,Lake View,6
1940,2013,66,North Lawndale,29
1941,2013,80,Lincoln Square,4
1942,2013,58,Logan Square,22
1943,2013,88,Ukrainian Village,24
1944,2013,66,Gage Park,63
1945,2013,41,Hegewisch,55
1946,2013,58,Irving Park,16
1947,2013,86,West Ridge,2
1948,2013,47,Little Village,30
1949,2013,45,Morgan Park,75
1950,2013,37,South Chicago,46
1951,2013,50,Ukrainian Village,24
1952,2013,38,Auburn Gresham,71
1953,2013,44,Rogers Park,1
1954,2013,83,North Center,5
1955,2013,54,Lower West Side,31
1956,2013,30,Englewood,68
1957,2013,25,Little Village,30
1958,2013,72,Lower West Side,31
1959,2013,50,North Lawndale,29
1960,2013,55,O'Hare,76
1961,2013,47,Logan Square,22
1962,2013,55,Brighton Park,58
1963,2013,66,Ashburn,70
1964,2013,97,West Ridge,2
1965,2013,50,Garfield Park,27
1966,2013,36,Grand Crossing,69
1967,2013,75,Dunning,17
1968,2013,62,Chatham,44
1969,2013,69,Garfield Park,27
1970,2013,16,Douglas,35
1971,2013,63,Clearing,64
1972,2013,47,Douglas,35
1973,2013,58,Roseland,49
1974,2013,77,Bucktown,22
1975,2013,36,Englewood,68
1976,2013,50,Chicago Lawn,66
1977,2013,41,Belmont Cragin,19
1978,2013,86,Edison Park,9
1979,2013,37,Roseland,49
1980,2013,83,"Sauganash,Forest Glen",12
1981,2013,27,West Pullman,53
1982,2013,50,Archer Heights,57
1983,2013,80,Austin,25
1984,2013,70,Austin,25
1985,2013,41,Garfield Park,27
1986,2013,66,Morgan Park,75
1987,2013,83,Mckinley Park,59
1988,2013,66,Jefferson Park,11
1989,2013,12,Englewood,68
1990,2013,25,South Shore,43
1991,2013,83,Washington Heights,73
1992,2013,50,Rogers Park,1
1993,2013,41,Woodlawn,42
1994,2013,41,Little Village,30
1995,2013,45,Little Village,30
1996,2013,66,Belmont Cragin,19
1997,2013,37,Washington Heights,73
1998,2013,72,Garfield Park,27
1999,2013,83,Old Town,8
2000,2013,44,Auburn Gresham,71
2001,2013,20,Grand Boulevard,38
2002,2013,69,New City,61
2003,2013,30,Logan Square,22
2004,2013,12,West Pullman,53
2005,2013,62,Rogers Park,1
2006,2013,30,East Side,52
2007,2013,75,Norwood Park,10
2008,2013,36,Little Village,30
2009,2013,66,Roseland,49
2010,2013,38,Englewood,68
2011,2013,88,Logan Square,22
2012,2013,44,West Pullman,53
2013,2013,70,Hegewisch,55
2014,2013,83,Uptown,3
2015,2013,45,New City,61
2016,2013,52,Portage Park,15
2017,2013,58,Kenwood,39
2018,2013,75,Mckinley Park,59
2019,2013,47,Garfield Park,27
2020,2013,38,Auburn Gresham,71
2021,2013,75,Clearing,64
2022,2013,50,Brighton Park,58
2023,2013,52,Chinatown,32
2024,2013,69,Clearing,64
2025,2013,38,South Chicago,46
2026,2013,86,Lake View,6
2027,2013,19,New City,61
2028,2013,38,Little Village,30
2029,2013,29,Lower West Side,31
2030,2013,25,Hermosa,20
2031,2013,36,Hyde Park,41
2032,2013,27,Grand Crossing,69
2033,2013,41,Albany Park,14
2034,2013,70,Little Village,30
2035,2013,33,Englewood,68
2036,2013,83,Lake View,6
2037,2013,47,Austin,25
2038,2013,58,Edgewater,77
2039,2013,37,Woodlawn,42
2040,2013,8,Pullman,50
2041,2013,66,Bridgeport,60
2042,2013,25,Garfield Ridge,56
2043,2013,33,New City,61
2044,2013,72,Garfield Park,27
2045,2013,61,Fuller Park,37
2046,2013,77,Irving Park,16
2047,2013,41,United Center,28
2048,2013,55,Near South Side,33
2049,2013,25,North Lawndale,29
2050,2013,41,New City,61
2051,2013,41,Albany Park,14
2052,2013,75,Norwood Park,10
2053,2013,33,Bridgeport,60
2054,2013,2,Englewood,68
2055,2013,50,Austin,25
2056,2013,52,Calumet Heights,48
2057,2013,83,Auburn Gresham,71
2058,2013,54,Roseland,49
2059,2013,29,North Lawndale,29
2060,2013,72,West Lawn,65
2061,2013,72,"Little Italy, UIC",28
2062,2013,37,North Center,5
2063,2013,77,West Ridge,2
2064,2013,44,River North,8
2065,2013,30,Lower West Side,31
2066,2013,45,Lower West Side,31
2067,2013,62,Beverly,72
2068,2013,47,Little Village,30
2069,2013,62,Kenwood,39
2070,2013,77,Englewood,68
2071,2013,50,Austin,25
2072,2013,63,Humboldt Park,23
2073,2013,61,North Lawndale,29
2074,2013,29,Rogers Park,1
2075,2013,47,"Little Italy, UIC",28
2076,2013,66,Little Village,30
2077,2013,58,Garfield Ridge,56
2078,2013,38,Washington Heights,73
2079,2013,50,Roseland,49
2080,2013,61,West Town,24
2081,2013,41,Hyde Park,41
2082,2013,30,Humboldt Park,23
2083,2013,41,Washington Heights,73
2084,2013,72,Old Town,8
2085,2013,30,North Lawndale,29
2086,2013,30,Austin,25
2087,2013,37,New City,61
2088,2013,86,Lincoln Park,7
2089,2013,52,Avondale,21
2090,2013,41,Belmont Cragin,19
2091,2013,44,Montclare,18
2092,2013,50,Galewood,25
2093,2013,50,Humboldt Park,23
2094,2013,44,South Deering,51
2095,2013,66,Belmont Cragin,19
2096,2013,22,South Shore,43
2097,2013,25,Old Town,8
2098,2013,25,Belmont Cragin,19
2099,2013,27,South Chicago,46
2100,2013,19,Chicago Lawn,66
2101,2013,62,South Deering,51
2102,2013,44,Garfield Park,27
2103,2013,20,Chicago Lawn,66
2104,2013,38,Austin,25
2105,2013,52,Sheffield & DePaul,7
2106,2013,83,"Little Italy, UIC",28
2107,2013,33,Douglas,35
2108,2013,37,Bridgeport,60
2109,2013,33,Little Village,30
2110,2013,12,Woodlawn,42
2111,2013,33,Chatham,44
2112,2013,61,Chicago Lawn,66
2113,2013,29,Belmont Cragin,19
2114,2013,44,Lincoln Square,4
2115,2013,22,Auburn Gresham,71
2116,2013,83,West Town,24
2117,2013,25,Logan Square,22
2118,2013,44,Humboldt Park,23
2119,2013,36,Chicago Lawn,66
2120,2013,62,Lake View,6
2121,2013,75,Bridgeport,60
2122,2013,97,Mount Greenwood,74
2123,2013,75,Mount Greenwood,74
2124,2013,33,Washington Heights,73
2125,2013,58,Logan Square,22
2126,2013,58,Irving Park,16
2127,2013,54,Hyde Park,41
2128,2013,55,West Pullman,53
2129,2013,63,Austin,25
2130,2013,27,Chatham,44
2131,2013,77,Boystown,6
2132,2013,50,Old Town,8
2133,2013,58,Gage Park,63
2134,2013,55,Hermosa,20
2135,2013,50,Humboldt Park,23
2136,2013,79,Norwood Park,10
2137,2013,27,Humboldt Park,23
2138,2013,62,Rush & Division,8
2139,2013,19,Auburn Gresham,71
2140,2013,16,South Shore,43
2141,2013,75,Norwood Park,10
2142,2013,75,Norwood Park,10
2143,2013,12,Humboldt Park,23
2144,2013,88,West Town,24
2145,2013,38,Englewood,68
2146,2013,75,Ashburn,70
2147,2013,12,Douglas,35
2148,2013,47,Albany Park,14
2149,2013,30,Englewood,68
2150,2013,38,Fuller Park,37
2151,2013,61,Grand Crossing,69
2152,2013,33,South Shore,43
2153,2013,37,West Elsdon,62
2154,2013,29,West Town,24
2155,2013,72,West Elsdon,62
2156,2013,33,"Little Italy, UIC",28
2157,2013,66,Andersonville,77
2158,2013,50,North Lawndale,29
2159,2013,41,Burnside,47
2160,2013,50,Lower West Side,31
2161,2013,50,Douglas,35
2162,2013,55,North Park,13
2163,2013,62,Washington Heights,73
2164,2013,50,Lower West Side,31
2165,2013,44,Chatham,44
2166,2013,41,North Lawndale,29
2167,2013,87,Pullman,50
2168,2013,83,Humboldt Park,23
2169,2013,58,North Lawndale,29
2170,2013,41,Portage Park,15
2171,2013,77,Lincoln Park,7
2172,2013,58,Portage Park,15
2173,2013,55,Bucktown,22
2174,2013,66,Pullman,50
2175,2013,72,Lake View,6
2176,2013,62,Hyde Park,41
2177,2013,16,Kenwood,39
2178,2013,62,Calumet Heights,48
2179,2013,44,Avondale,21
2180,2013,52,Portage Park,15
2181,2013,41,Grand Crossing,69
2182,2013,72,West Ridge,2
2183,2013,75,New City,61
2184,2013,47,Washington Park,40
2185,2013,33,Grand Crossing,69
2186,2013,70,Auburn Gresham,71
2187,2013,38,Humboldt Park,23
2188,2013,25,Woodlawn,42
2189,2013,88,"Sauganash,Forest Glen",12
2190,2013,63,Austin,25
2191,2013,55,Gage Park,63
2192,2013,62,Galewood,25
2193,2013,37,Irving Park,16
2194,2013,36,West Pullman,53
2195,2013,19,Englewood,68
2196,2013,37,Belmont Cragin,19
2197,2013,58,New City,61
2198,2013,91,River North,8
2199,2013,77,Brighton Park,58
2200,2013,47,South Chicago,46
2201,2013,16,New City,61
2202,2013,72,Englewood,68
2203,2013,66,Brighton Park,58
2204,2013,41,Kenwood,39
2205,2013,44,Morgan Park,75
2206,2013,83,West Loop,32
2207,2013,61,Pullman,50
2208,2013,72,Portage Park,15
2209,2013,41,"Little Italy, UIC",28
2210,2013,97,North Park,13
2211,2013,58,Austin,25
2212,2013,50,Little Village,30
2213,2013,50,Ashburn,70
2214,2013,55,Uptown,3
2215,2013,55,Roseland,49
2216,2013,55,Uptown,3
2217,2013,58,West Ridge,2
2218,2013,33,Humboldt Park,23
2219,2013,36,South Chicago,46
2220,2013,69,Garfield Park,27
2221,2013,66,Beverly,72
2222,2013,75,Edgewater,77
2223,2013,55,West Town,24
2224,2013,29,East Side,52
2225,2013,75,West Pullman,53
2226,2013,12,South Chicago,46
2227,2013,55,Dunning,17
2228,2013,30,Garfield Park,27
2229,2013,66,Gage Park,63
2230,2013,27,Andersonville,77
2231,2013,72,Garfield Ridge,56
2232,2013,50,Beverly,72
2233,2013,54,Roseland,49
2234,2013,47,Albany Park,14
2235,2013,63,Humboldt Park,23
2236,2013,72,Albany Park,14
2237,2013,62,Lower West Side,31
2238,2013,66,Armour Square,34
2239,2013,25,Calumet Heights,48
2240,2013,63,East Side,52
2241,2013,77,Lincoln Square,4
2242,2013,50,Garfield Park,27
2243,2013,50,Englewood,68
2244,2013,50,West Pullman,53
2245,2013,30,West Pullman,53
2246,2013,50,Gage Park,63
2247,2013,41,Little Village,30
2248,2013,33,Lower West Side,31
2249,2013,72,Wicker Park,24
2250,2013,88,"Sauganash,Forest Glen",12
2251,2013,61,Near South Side,33
2252,2013,12,Douglas,35
2253,2013,20,Grand Crossing,69
2254,2013,58,Logan Square,22
2255,2013,36,Austin,25
2256,2013,72,Grand Boulevard,38
2257,2013,69,Englewood,68
2258,2013,50,New City,61
2259,2013,22,North Lawndale,29
2260,2013,52,Garfield Park,27
2261,2013,38,Uptown,3
2262,2013,54,Garfield Park,27
2263,2013,44,Washington Park,40
2264,2013,66,Dunning,17
2265,2013,88,Gage Park,63
2266,2013,69,River North,8
2267,2013,58,Garfield Park,27
2268,2013,61,United Center,28
2269,2013,25,North Lawndale,29
2270,2013,12,Oakland,36
2271,2013,69,Humboldt Park,23
2272,2013,30,Grand Crossing,69
2273,2013,50,Englewood,68
2274,2013,33,Woodlawn,42
2275,2013,50,Chatham,44
2276,2013,25,Uptown,3
2277,2013,29,Garfield Park,27
2278,2013,54,Little Village,30
2279,2013,47,North Lawndale,29
2280,2013,36,Grand Boulevard,38
2281,2013,12,Grand Boulevard,38
2282,2013,50,Grand Crossing,69
2283,2013,62,South Shore,43
2284,2013,54,Austin,25
2285,2013,70,Rogers Park,1
2286,2013,50,Englewood,68
2287,2013,41,Ashburn,70
2288,2013,33,Englewood,68
2289,2013,52,West Lawn,65
2290,2013,52,Garfield Park,27
2291,2013,44,West Pullman,53
2292,2013,80,Chatham,44
2293,2013,61,Englewood,68
2294,2013,41,Chatham,44
2295,2013,87,Austin,25
2296,2013,38,Wicker Park,24
2297,2013,54,West Pullman,53
2298,2013,75,Calumet Heights,48
2299,2013,58,Brighton Park,58
2300,2013,58,Mckinley Park,59
2301,2013,36,Humboldt Park,23
2302,2013,27,Irving Park,16
2303,2013,33,Avondale,21
2304,2013,55,Lower West Side,31
2305,2013,45,Douglas,35
2306,2013,25,Englewood,68
2307,2013,33,Wicker Park,24
2308,2013,25,Grand Boulevard,38
2309,2013,61,Chicago Lawn,66
2310,2013,62,Garfield Park,27
2311,2013,37,Calumet Heights,48
2312,2013,77,Ashburn,70
2313,2013,75,Brighton Park,58
2314,2013,66,Albany Park,14
2315,2013,83,Lake View,6
2316,2013,44,Washington Heights,73
2317,2013,75,Uptown,3
2318,2013,30,Riverdale,54
2319,2013,47,Garfield Park,27
2320,2013,50,Washington Heights,73
2321,2013,63,Austin,25
2322,2013,47,Roseland,49
2323,2013,25,Auburn Gresham,71
2324,2013,47,Douglas,35
2325,2013,33,Chicago Lawn,66
2326,2013,69,United Center,28
2327,2013,75,North Lawndale,29
2328,2013,91,Irving Park,16
2329,2013,75,East Village,24
2330,2013,33,Englewood,68
2331,2013,62,Norwood Park,10
2332,2013,70,South Shore,43
2333,2013,33,Gage Park,63
2334,2013,45,Belmont Cragin,19
2335,2013,55,Belmont Cragin,19
2336,2013,61,Avondale,21
2337,2013,55,West Ridge,2
2338,2013,69,West Lawn,65
2339,2013,100,"Little Italy, UIC",28
2340,2014,75,Garfield Ridge,56
2341,2014,60,Albany Park,14
2342,2014,25,North Lawndale,29
2343,2014,45,Austin,25
2344,2014,30,Avalon Park,45
2345,2014,22,New City,61
2346,2014,45,Bucktown,22
2347,2014,53,Washington Heights,73
2348,2014,46,Irving Park,16
2349,2014,37,West Pullman,53
2350,2014,17,Washington Park,40
2351,2014,40,Belmont Cragin,19
2352,2014,42,Ashburn,70
2353,2014,70,Humboldt Park,23
2354,2014,50,North Lawndale,29
2355,2014,31,Humboldt Park,23
2356,2014,57,United Center,28
2357,2014,55,North Lawndale,29
2358,2014,53,Auburn Gresham,71
2359,2014,39,North Lawndale,29
2360,2014,46,Garfield Park,27
2361,2014,39,"Little Italy, UIC",28
2362,2014,39,North Lawndale,29
2363,2014,75,Mckinley Park,59
2364,2014,30,Austin,25
2365,2014,85,Humboldt Park,23
2366,2014,66,Englewood,68
2367,2014,37,Oakland,36
2368,2014,67,Kenwood,39
2369,2014,25,Grand Boulevard,38
2370,2014,62,Archer Heights,57
2371,2014,39,Archer Heights,57
2372,2014,82,Lower West Side,31
2373,2014,46,Avondale,21
2374,2014,35,Little Village,30
2375,2014,39,Gage Park,63
2376,2014,46,Brighton Park,58
2377,2014,43,Riverdale,54
2378,2014,81,West Town,24
2379,2014,53,Brighton Park,58
2380,2014,18,South Chicago,46
2381,2014,37,Auburn Gresham,71
2382,2014,75,Gage Park,63
2383,2014,75,Ukrainian Village,24
2384,2014,45,Chicago Lawn,66
2385,2014,91,Englewood,68
2386,2014,64,Belmont Cragin,19
2387,2014,39,West Ridge,2
2388,2014,100,Austin,25
2389,2014,59,East Side,52
2390,2014,61,Lake View,6
2391,2014,81,Lincoln Park,7
2392,2014,61,Bridgeport,60
2393,2014,61,West Ridge,2
2394,2014,34,Logan Square,22
2395,2014,47,Grand Boulevard,38
2396,2014,65,North Center,5
2397,2014,30,Avalon Park,45
2398,2014,38,Beverly,72
2399,2014,75,Hermosa,20
2400,2014,56,Auburn Gresham,71
2401,2014,17,Englewood,68
2402,2014,50,Irving Park,16
2403,2014,70,Englewood,68
2404,2014,81,Albany Park,14
2405,2014,54,Austin,25
2406,2014,65,Jefferson Park,11
2407,2014,54,Garfield Park,27
2408,2014,68,Irving Park,16
2409,2014,71,North Center,5
2410,2014,35,Roseland,49
2411,2014,71,Lake View,6
2412,2014,65,West Ridge,2
2413,2014,38,Auburn Gresham,71
2414,2014,40,South Shore,43
2415,2014,28,Ashburn,70
2416,2014,28,Roseland,49
2417,2014,80,Logan Square,22
2418,2014,75,Dunning,17
2419,2014,46,South Deering,51
2420,2014,81,United Center,28
2421,2014,37,Grand Crossing,69
2422,2014,87,South Shore,43
2423,2014,50,Lincoln Square,4
2424,2014,82,Belmont Cragin,19
2425,2014,40,Washington Park,40
2426,2014,77,Lake View,6
2427,2014,75,South Deering,51
2428,2014,25,Little Village,30
2429,2014,28,Chatham,44
2430,2014,78,Wicker Park,24
2431,2014,68,Brighton Park,58
2432,2014,52,Austin,25
2433,2014,43,Garfield Ridge,56
2434,2014,22,Avalon Park,45
2435,2014,52,Little Village,30
2436,2014,54,Humboldt Park,23
2437,2014,71,Dunning,17
2438,2014,25,Woodlawn,42
2439,2014,59,Ashburn,70
2440,2014,43,Gage Park,63
2441,2014,57,Washington Park,40
2442,2014,37,Riverdale,54
2443,2014,40,Riverdale,54
2444,2014,90,Mount Greenwood,74
2445,2014,61,Lake View,6
2446,2014,92,North Lawndale,29
2447,2014,84,Lincoln Square,4
2448,2014,72,Logan Square,22
2449,2014,60,Ukrainian Village,24
2450,2014,28,Gage Park,63
2451,2014,60,Hegewisch,55
2452,2014,50,Irving Park,16
2453,2014,87,West Ridge,2
2454,2014,75,Morgan Park,75
2455,2014,25,South Chicago,46
2456,2014,70,Ukrainian Village,24
2457,2014,60,Auburn Gresham,71
2458,2014,43,Rogers Park,1
2459,2014,86,North Center,5
2460,2014,45,Lower West Side,31
2461,2014,59,Englewood,68
2462,2014,50,Little Village,30
2463,2014,81,Morgan Park,75
2464,2014,68,Lower West Side,31
2465,2014,61,North Lawndale,29
2466,2014,40,O'Hare,76
2467,2014,88,Logan Square,22
2468,2014,40,Brighton Park,58
2469,2014,87,Ashburn,70
2470,2014,68,West Ridge,2
2471,2014,37,Grand Crossing,69
2472,2014,65,Dunning,17
2473,2014,43,New City,61
2474,2014,63,Chatham,44
2475,2014,45,Humboldt Park,23
2476,2014,31,Douglas,35
2477,2014,65,Clearing,64
2478,2014,36,Albany Park,14
2479,2014,72,Douglas,35
2480,2014,45,Roseland,49
2481,2014,86,Bucktown,22
2482,2014,45,Englewood,68
2483,2014,43,Chicago Lawn,66
2484,2014,87,Edison Park,9
2485,2014,10,Roseland,49
2486,2014,77,"Sauganash,Forest Glen",12
2487,2014,47,West Pullman,53
2488,2014,61,Archer Heights,57
2489,2014,92,Austin,25
2490,2014,75,Garfield Park,27
2491,2014,56,Morgan Park,75
2492,2014,45,Mckinley Park,59
2493,2014,52,Belmont Cragin,19
2494,2014,68,Jefferson Park,11
2495,2014,77,Washington Heights,73
2496,2014,60,Rogers Park,1
2497,2014,55,Woodlawn,42
2498,2014,42,Little Village,30
2499,2014,53,Little Village,30
2500,2014,86,Belmont Cragin,19
2501,2014,36,Washington Heights,73
2502,2014,65,Garfield Park,27
2503,2014,65,Old Town,8
2504,2014,61,Auburn Gresham,71
2505,2014,60,Grand Boulevard,38
2506,2014,61,New City,61
2507,2014,27,Logan Square,22
2508,2014,75,Rogers Park,1
2509,2014,25,East Side,52
2510,2014,79,Norwood Park,10
2511,2014,29,Little Village,30
2512,2014,50,Roseland,49
2513,2014,38,Englewood,68
2514,2014,85,Logan Square,22
2515,2014,68,West Pullman,53
2516,2014,43,Hegewisch,55
2517,2014,79,Uptown,3
2518,2014,84,New City,61
2519,2014,56,Portage Park,15
2520,2014,56,Little Village,30
2521,2014,61,Kenwood,39
2522,2014,75,Mckinley Park,59
2523,2014,52,Garfield Park,27
2524,2014,52,Auburn Gresham,71
2525,2014,65,Clearing,64
2526,2014,47,Brighton Park,58
2527,2014,31,Chinatown,32
2528,2014,65,Clearing,64
2529,2014,43,South Chicago,46
2530,2014,88,Lake View,6
2531,2014,27,New City,61
2532,2014,34,Little Village,30
2533,2014,43,Lower West Side,31
2534,2014,36,Hermosa,20
2535,2014,45,Hyde Park,41
2536,2014,42,Grand Crossing,69
2537,2014,50,Little Village,30
2538,2014,56,Lake View,6
2539,2014,43,Austin,25
2540,2014,61,Edgewater,77
2541,2014,75,Woodlawn,42
2542,2014,43,Pullman,50
2543,2014,65,Bridgeport,60
2544,2014,29,Garfield Ridge,56
2545,2014,34,New City,61
2546,2014,75,Garfield Park,27
2547,2014,53,Englewood,68
2548,2014,30,Roseland,49
2549,2014,67,Fuller Park,37
2550,2014,75,Irving Park,16
2551,2014,50,Near South Side,33
2552,2014,70,North Lawndale,29
2553,2014,43,New City,61
2554,2014,42,Albany Park,14
2555,2014,72,Norwood Park,10
2556,2014,31,Bridgeport,60
2557,2014,27,Englewood,68
2558,2014,52,Austin,25
2559,2014,61,Calumet Heights,48
2560,2014,65,Auburn Gresham,71
2561,2014,78,North Lawndale,29
2562,2014,72,West Lawn,65
2563,2014,65,"Little Italy, UIC",28
2564,2014,43,North Center,5
2565,2014,78,West Ridge,2
2566,2014,50,River North,8
2567,2014,47,Lower West Side,31
2568,2014,85,Lower West Side,31
2569,2014,70,Beverly,72
2570,2014,31,Little Village,30
2571,2014,72,Kenwood,39
2572,2014,71,Clearing,64
2573,2014,50,Englewood,68
2574,2014,70,Humboldt Park,23
2575,2014,25,Rogers Park,1
2576,2014,68,Little Village,30
2577,2014,57,Garfield Ridge,56
2578,2014,36,Washington Heights,73
2579,2014,77,West Town,24
2580,2014,54,Hyde Park,41
2581,2014,86,Washington Heights,73
2582,2014,79,Old Town,8
2583,2014,6,North Lawndale,29
2584,2014,25,Austin,25
2585,2014,61,New City,61
2586,2014,77,Lincoln Park,7
2587,2014,72,Avondale,21
2588,2014,50,Belmont Cragin,19
2589,2014,45,Montclare,18
2590,2014,40,Galewood,25
2591,2014,68,Humboldt Park,23
2592,2014,59,Belmont Cragin,19
2593,2014,75,South Shore,43
2594,2014,65,Old Town,8
2595,2014,25,Belmont Cragin,19
2596,2014,17,South Chicago,46
2597,2014,68,Chicago Lawn,66
2598,2014,47,South Deering,51
2599,2014,75,Garfield Park,27
2600,2014,25,Chicago Lawn,66
2601,2014,68,Sheffield & DePaul,7
2602,2014,71,"Little Italy, UIC",28
2603,2014,70,Bridgeport,60
2604,2014,56,Little Village,30
2605,2014,27,Woodlawn,42
2606,2014,65,Chatham,44
2607,2014,63,Chicago Lawn,66
2608,2014,55,Belmont Cragin,19
2609,2014,61,Lincoln Square,4
2610,2014,100,West Town,24
2611,2014,38,Logan Square,22
2612,2014,55,"Little Italy, UIC",28
2613,2014,81,Humboldt Park,23
2614,2014,43,Chicago Lawn,66
2615,2014,84,Lake View,6
2616,2014,68,Bridgeport,60
2617,2014,81,Mount Greenwood,74
2618,2014,80,Norwood Park,10
2619,2014,70,Mount Greenwood,74
2620,2014,45,Washington Heights,73
2621,2014,70,Logan Square,22
2622,2014,70,Irving Park,16
2623,2014,29,Hyde Park,41
2624,2014,85,West Pullman,53
2625,2014,12,Austin,25
2626,2014,17,Chatham,44
2627,2014,72,Boystown,6
2628,2014,61,Old Town,8
2629,2014,68,Gage Park,63
2630,2014,75,Hermosa,20
2631,2014,70,Humboldt Park,23
2632,2014,31,Norwood Park,10
2633,2014,40,Humboldt Park,23
2634,2014,35,Rush & Division,8
2635,2014,40,Auburn Gresham,71
2636,2014,20,South Shore,43
2637,2014,82,Norwood Park,10
2638,2014,81,Norwood Park,10
2639,2014,82,Humboldt Park,23
2640,2014,85,West Town,24
2641,2014,35,Englewood,68
2642,2014,72,Ashburn,70
2643,2014,72,Douglas,35
2644,2014,46,Albany Park,14
2645,2014,45,Englewood,68
2646,2014,72,Grand Crossing,69
2647,2014,38,South Shore,43
2648,2014,50,West Elsdon,62
2649,2014,61,West Elsdon,62
2650,2014,50,"Little Italy, UIC",28
2651,2014,61,Andersonville,77
2652,2014,55,North Lawndale,29
2653,2014,47,Burnside,47
2654,2014,59,Lower West Side,31
2655,2014,42,Douglas,35
2656,2014,59,North Park,13
2657,2014,77,Washington Heights,73
2658,2014,40,Lower West Side,31
2659,2014,81,Chatham,44
2660,2014,65,North Lawndale,29
2661,2014,55,Pullman,50
2662,2014,86,Humboldt Park,23
2663,2014,47,Portage Park,15
2664,2014,75,Lincoln Park,7
2665,2014,50,Portage Park,15
2666,2014,63,Bucktown,22
2667,2014,55,Pullman,50
2668,2014,68,Lake View,6
2669,2014,34,Hyde Park,41
2670,2014,21,Kenwood,39
2671,2014,37,Avondale,21
2672,2014,50,Portage Park,15
2673,2014,40,Grand Crossing,69
2674,2014,70,West Ridge,2
2675,2014,61,New City,61
2676,2014,40,Grand Crossing,69
2677,2014,52,Auburn Gresham,71
2678,2014,90,"Sauganash,Forest Glen",12
2679,2014,40,Gage Park,63
2680,2014,46,Galewood,25
2681,2014,53,Irving Park,16
2682,2014,60,Edison Park,9
2683,2014,32,Belmont Cragin,19
2684,2014,59,New City,61
2685,2014,75,Brighton Park,58
2686,2014,35,South Chicago,46
2687,2014,52,New City,61
2688,2014,75,Englewood,68
2689,2014,50,Brighton Park,58
2690,2014,65,Kenwood,39
2691,2014,34,Morgan Park,75
2692,2014,65,West Loop,32
2693,2014,63,Pullman,50
2694,2014,59,Portage Park,15
2695,2014,40,"Little Italy, UIC",28
2696,2014,81,North Park,13
2697,2014,52,Austin,25
2698,2014,56,Little Village,30
2699,2014,50,Ashburn,70
2700,2014,70,Roseland,49
2701,2014,59,West Ridge,2
2702,2014,29,Humboldt Park,23
2703,2014,60,South Chicago,46
2704,2014,72,Garfield Park,27
2705,2014,65,Beverly,72
2706,2014,75,Edgewater,77
2707,2014,68,West Town,24
2708,2014,40,East Side,52
2709,2014,56,West Pullman,53
2710,2014,43,South Chicago,46
2711,2014,77,Dunning,17
2712,2014,32,Garfield Park,27
2713,2014,62,Gage Park,63
2714,2014,81,Garfield Ridge,56
2715,2014,27,Beverly,72
2716,2014,57,Roseland,49
2717,2014,61,Albany Park,14
2718,2014,68,Albany Park,14
2719,2014,37,Woodlawn,42
2720,2014,68,Little Village,30
2721,2014,27,Lower West Side,31
2722,2014,54,Armour Square,34
2723,2014,62,Calumet Heights,48
2724,2014,68,East Side,52
2725,2014,90,Lincoln Square,4
2726,2014,82,Garfield Park,27
2727,2014,59,Englewood,68
2728,2014,67,West Pullman,53
2729,2014,53,Gage Park,63
2730,2014,27,Little Village,30
2731,2014,42,Lower West Side,31
2732,2014,65,Wicker Park,24
2733,2014,77,"Sauganash,Forest Glen",12
2734,2014,32,Near South Side,33
2735,2014,38,Logan Square,22
2736,2014,37,Austin,25
2737,2014,52,Grand Boulevard,38
2738,2014,50,Englewood,68
2739,2014,43,New City,61
2740,2014,52,Uptown,3
2741,2014,38,Washington Park,40
2742,2014,59,Dunning,17
2743,2014,79,Gage Park,63
2744,2014,55,River North,8
2745,2014,77,Garfield Park,27
2746,2014,72,United Center,28
2747,2014,60,North Lawndale,29
2748,2014,56,Oakland,36
2749,2014,77,Humboldt Park,23
2750,2014,34,Grand Crossing,69
2751,2014,50,Chatham,44
2752,2014,63,Uptown,3
2753,2014,17,Garfield Park,27
2754,2014,45,North Lawndale,29
2755,2014,61,Grand Boulevard,38
2756,2014,45,Grand Crossing,69
2757,2014,65,South Shore,43
2758,2014,42,Austin,25
2759,2014,71,Rogers Park,1
2760,2014,80,Ashburn,70
2761,2014,50,Englewood,68
2762,2014,54,West Lawn,65
2763,2014,63,Garfield Park,27
2764,2014,56,West Pullman,53
2765,2014,40,Chatham,44
2766,2014,68,Englewood,68
2767,2014,55,Chatham,44
2768,2014,70,Austin,25
2769,2014,75,United Center,28
2770,2014,75,Calumet Heights,48
2771,2014,39,Wicker Park,24
2772,2014,87,West Pullman,53
2773,2014,57,Calumet Heights,48
2774,2014,45,Brighton Park,58
2775,2014,77,Mckinley Park,59
2776,2014,28,Irving Park,16
2777,2014,38,Avondale,21
2778,2014,40,Lower West Side,31
2779,2014,56,Englewood,68
2780,2014,72,Wicker Park,24
2781,2014,31,Grand Boulevard,38
2782,2014,62,Chicago Lawn,66
2783,2014,57,Calumet Heights,48
2784,2014,65,Ashburn,70
2785,2014,70,Brighton Park,58
2786,2014,38,Albany Park,14
2787,2014,81,Uptown,3
2788,2014,77,Washington Heights,73
2789,2014,53,Uptown,3
2790,2014,50,Riverdale,54
2791,2014,40,Washington Heights,73
2792,2014,72,Austin,25
2793,2014,42,Roseland,49
2794,2014,68,Auburn Gresham,71
2795,2014,46,Chicago Lawn,66
2796,2014,50,United Center,28
2797,2014,40,North Lawndale,29
2798,2014,91,Mckinley Park,59
2799,2014,96,Irving Park,16
2800,2014,55,East Village,24
2801,2014,80,Englewood,68
2802,2014,75,Norwood Park,10
2803,2014,39,South Shore,43
2804,2014,42,Gage Park,63
2805,2014,53,Belmont Cragin,19
2806,2014,93,River North,8
2807,2014,56,Belmont Cragin,19
2808,2014,52,Avondale,21
2809,2014,56,West Ridge,2
2810,2014,63,West Lawn,65
2811,2014,46,"Little Italy, UIC",28
2812,2014,42,Brighton Park,58
